id,fase_clinica,subtipo,cenario_populacao,recomendacao,detalhes_tratamento,nivel_evidencia,forca_recomendacao,estudo_base,observacoes,fonte,tipos_compativeis,id_estados
1,Diagnóstico/Estadiamento,Geral,Antes da cirurgia,"Solicitar avaliação mínima de sangue (hemograma, função hepática/renal, fosfatase alcalina e cálcio)","Hemograma, função hepática/renal, FALC, cálcio",Muito baixo,Forte,,,Estadiamento,[1],diag_estadiamento
2,Diagnóstico/Estadiamento,Geral,Discordância entre core e peça cirúrgica,"Revisar em laboratório de referência; persistindo, considerar resultados positivos",Revisão em laboratório de referência,Não se aplica,Não se aplica,,,Estadiamento,"[1,11]",diag_estadiamento
3,Diagnóstico/Estadiamento,Geral,Tumores lobulares e de baixo grau,"Considerar menor sensibilidade do PET/CT-FDG, além de custo/acessibilidade",,Não se aplica,Não se aplica,,,Estadiamento,"[1,11]",diag_estadiamento
4,Diagnóstico/Estadiamento,Geral,Envolvimento linfonodal sem tumor primário (T0N1),Usar grau e marcadores do linfonodo para estadiamento prognóstico,,Não se aplica,Não se aplica,,,Estadiamento,"[1,11]",diag_estadiamento
5,Adjuvância,Geral,Seguimento — Todos os pacientes,Realizar história e exame físico periódicos,"3-6m (primeiros 3a), 6-12m (2a seguintes), anual após",Moderado,Forte,,,Adjuvante,"[1,13]","seguimento_curto_prazo,seguimento_longo_prazo"
6,Adjuvância,Geral,Seguimento — Todos os pacientes (cirurgia conservadora),Realizar mamografia anual,Primeira 6 meses após RT,Alto,Forte,,,Adjuvante,"[1,13]",seguimento_curto_prazo
7,Adjuvância,Geral,Seguimento — Usuárias de Tamoxifeno,Realizar avaliação ginecológica anual (investigar sangramento vaginal),,Moderado,Forte,,,Adjuvante,"[1,13]","seguimento_curto_prazo,seguimento_longo_prazo"
8,Diagnóstico/Estadiamento,Geral,Todas as pacientes,Informar que a Lei nº 11.664/2008 garante o direito à mamografia a partir dos 40 anos no SUS,,Não se aplica,Não se aplica,,,Estadiamento,"[1,14]",
9,Diagnóstico/Estadiamento,Geral,Para estadiamento locorregional,Indicar mamografia bilateral e ultrassom de mamas e axilas,Mamografia bilateral + US de mamas e axilas,Alto,Forte,,,Estadiamento,"[1,14]",diag_estadiamento
10,Diagnóstico/Estadiamento,Geral,Todas as amostras de biópsia,Encaminhar para exame anatomopatológico com patologista especializado em mama,Anatomopatológico,Moderado,Forte,,,Estadiamento,"[1,14]",diag_estadiamento
11,Diagnóstico/Estadiamento,Geral,Tumores pequenos,"Correlacionar T (tamanho) com exames de imagem, clínica e achados microscópicos",Correlação clínico-imagem-patológica,Não se aplica,Não se aplica,,,Estadiamento,"[1,14]",diag_estadiamento
12,Diagnóstico/Estadiamento,Geral,Todos os casos,"Seguir a 8ª edição do AJCC Cancer Staging Manual (anatômico, clínico-prognóstico e patológico-prognóstico)",AJCC 8ª edição,Não se aplica,Não se aplica,,,Estadiamento,"[1,14]",diag_estadiamento
13,Diagnóstico/Estadiamento,Geral,Pacientes submetidas a tratamento neoadjuvante,Considerar colocação de clip (marcador) na lesão inicial,Colocação de clip,Moderado,Forte,,,Estadiamento,"[1,14]","neoadj_candidata_tnbc,neoadj_candidata_her2,neoadj_candidata_rhpos"
14,Diagnóstico/Estadiamento,Geral,Serviços de oncologia,Organizar fluxos institucionais para reduzir atrasos (da suspeita ao tratamento) e monitorar como indicador de qualidade,,Não se aplica,Não se aplica,,,Estadiamento,"[1,14]",diag_estadiamento
15,Diagnóstico/Estadiamento,Geral,Onde biomarcadores estiverem indisponíveis,Utilizar estadiamento anatômico,AJCC anatômico,Não se aplica,Não se aplica,,,Estadiamento,"[1,14]",diag_estadiamento
16,Diagnóstico/Estadiamento,Geral,Para N1mi no estadiamento clínico-prognóstico,Garantir ressecção do linfonodo (ex: BLS antes da neoadjuvância),,Não se aplica,Não se aplica,,,Estadiamento,"[1,14]",diag_estadiamento
17,Neoadjuvância,Geral,Todos os pacientes em neoadjuvância,Realizar marcação com clipe radiopaco no leito tumoral,Clipe radiopaco,Moderado,Forte,,Decisão multidisciplinar obrigatória,Neoadjuvante,"[1,14]","neoadj_candidata_tnbc,neoadj_candidata_her2,neoadj_candidata_rhpos"
18,Diagnóstico/Estadiamento,Geral,Sintomas respiratórios,Considerar TC de tórax com contraste,TC de tórax com contraste,Moderado,Forte,,,Estadiamento,"[1,18]",diag_estadiamento
19,Diagnóstico/Estadiamento,Geral,Sintomas gastrointestinais/pélvicos ou alterações hepáticas,Considerar TC de abdome total ou RM com contraste,TC abdome total ou RM,Moderado,Forte,,,Estadiamento,"[1,18]",diag_estadiamento
20,Diagnóstico/Estadiamento,Geral,Sintomas neurológicos,Sugerir RM de crânio com contraste,RM de crânio,Moderado,Forte,,,Estadiamento,"[1,18]",diag_estadiamento
21,Neoadjuvância,Geral,Doença localmente avançada ou plano de tratamento neoadjuvante,"Realizar TC de tórax, abdome total e cintilografia óssea",TC tórax/abdome + cintilografia óssea,Alto,Forte,,"PET/CT FDG preferencial para TNBC, HER2+ ou localmente avançados",Neoadjuvante,"[1,2]","neoadj_candidata_tnbc,neoadj_candidata_her2,neoadj_candidata_rhpos"
22,Neoadjuvância,Geral,"Indicação — Tumores localmente avançados (>5cm, fixos, cutâneos, N fusionados)",Considerar neoadjuvância para downstaging e cirurgia conservadora,,Alto,Forte,,,Neoadjuvante,"[1,2]","neoadj_candidata_tnbc,neoadj_candidata_her2,neoadj_candidata_rhpos"
23,Neoadjuvância,TNBC,Tumores TNBC refratários à QT neoadjuvante que permanecem irressecáveis,Considerar Radioterapia neoadjuvante + Capecitabina,RT associada a capecitabina (agente radiossensibilizante),Baixo,Moderada,"Gaui et al., Am J Clin Oncol 2007",82% de resposta,Neoadjuvante,"[1,2]",neoadj_candidata_tnbc
24,Adjuvância,TNBC,Seleção de Pacientes — Tumores triplo-negativos acima de 5 mm,Indicar quimioterapia adjuvante,"Antracíclico + taxano (AC→T ou ACdd→T) ou Carboplatina + Paclitaxel semanal, 4-6 ciclos",Alto,Forte,,,Adjuvante,"[1,2]",adj_upfront_tnbc
25,Adjuvância,HER2+,Seleção de Pacientes — Tumores HER2-positivos acima de 5 mm,Indicar quimioterapia adjuvante,"AC→TH ou ACdd→TH (antraciclina + taxano + Trastuzumabe) por 4 ciclos de AC; TCH (Docetaxel 75 + Carboplatina AUC6 + Trastuzumabe, q3sem, 6 ciclos) se contraindicação a antraciclina",Alto,Forte,,,Adjuvante,"[1,2]",adj_upfront_her2
26,Adjuvância,Geral,CDIS submetido a cirurgia conservadora + RT,Obter margens cirúrgicas ≥ 2 mm,,Moderado,Forte,,Margens cirúrgicas ≥ 2 mm para cirurgia conservadora + RT.,Adjuvante,"[1,2]",
27,Metastático,Geral,Estadiamento — Avaliação inicial,"Realizar anamnese, exame físico, hemograma, função renal/hepática, cálcio e fosfatase alcalina",,Alto,Forte,,,Metastática,"[1,2]","meta_1l_rhpos,meta_1l_her2,meta_1l_tnbc"
28,Metastático,Geral,Estadiamento — Exames de imagem obrigatórios,Realizar TC de tórax + TC/RM de abdome total + cintilografia óssea,,Alto,Forte,,,Metastática,"[1,2]","meta_1l_rhpos,meta_1l_her2,meta_1l_tnbc"
29,Diagnóstico/Estadiamento,Geral,Estádio inicial sem sinais/sintomas suspeitos,Não solicitar exames de imagem rotineiramente,,Moderado,Forte,,,Estadiamento,"[1,7]",diag_estadiamento
30,Diagnóstico/Estadiamento,Geral,Todos os casos,Não utilizar CEA e CA 15-3 para estadiamento,,Alto,Forte,,,Estadiamento,"[1,7]",diag_estadiamento
31,Diagnóstico/Estadiamento,Geral,Pacientes com potencial fértil,Coletar beta-HCG antes de iniciar o tratamento,Beta-HCG,Moderado,Forte,,Contraindicar gravidez durante tratamento,Estadiamento,"[1,8]",diag_estadiamento
32,Diagnóstico/Estadiamento,Geral,Pacientes com potencial fértil,Interromper anticoncepcionais hormonais e orientar métodos de barreira (DIU ou preservativos),Métodos de barreira,Moderado,Forte,,,Estadiamento,"[1,8]",diag_estadiamento
33,Diagnóstico/Estadiamento,Geral,Pré-menopausa com desejo reprodutivo,Informar sobre opções de preservação (criopreservação) e encaminhar para especialista antes do início da terapia,Criopreservação de oócitos/embriões,Moderado,Forte,,,Estadiamento,"[1,8]",diag_estadiamento
34,Diagnóstico/Estadiamento,Geral,Pacientes que desejam gestação após câncer,"Não desencorajar gestação (não aumenta recorrência), mas individualizar o momento",,Moderado,Forte,,,Estadiamento,"[1,8]",diag_estadiamento
35,Neoadjuvância,Geral,Pacientes na pré-menopausa com desejo reprodutivo,Oferecer consulta com especialista em fertilidade,Avaliação e preservação da fertilidade antes da QT,Moderado,Forte,,Risco de falência ovariana precoce,Neoadjuvante,"[1,8]","neoadj_candidata_tnbc,neoadj_candidata_her2,neoadj_candidata_rhpos"
36,Adjuvância,RH+/HER2-,"Câncer de Mama em Homens — Homens, RH+",Preferir Tamoxifeno como HT adjuvante,20 mg/dia,Moderado,Forte,,"IAs isolados sem evidência; se contraindicação ao TMX, usar IA + GnRH || Tamoxifeno 20 mg/dia é a hormonioterapia adjuvante preferida. Inibidores de aromatase isolados NÃO são recomendados (falta de evidência). Se contraindicação ao Tamoxifeno, usar IA + análogo de GnRH.",Adjuvante,"[1,8]",adj_upfront_rhpos
37,Adjuvância,RH+/HER2-,"Câncer de Mama em Homens — Homens, alto risco (T3/T4, N+)",Considerar RT pós-mastectomia,"RT pós-mastectomia com os mesmos critérios das mulheres: T3/T4 ou ≥4 LFN positivos (discutir se 1-3 LFN). Campos: parede torácica + linfonodos regionais, ~50 Gy em 25 frações ± boost.",Moderado,Forte,,A radioterapia pós-mastectomia segue os mesmos critérios das mulheres (T3/T4 ou N+).,Adjuvante,"[1,8]",adj_upfront_rhpos
38,Diagnóstico/Estadiamento,Geral,Lesões suspeitas,Utilizar biópsia por agulha grossa (core biopsy) guiada por ultrassom ou estereotaxia,Core biopsy,Moderado,Forte,,Considerar mamotomia para lesões não palpáveis,Estadiamento,"[1,9]",diag_estadiamento
39,Diagnóstico/Estadiamento,Geral,Lesões não palpáveis (microcalcificações ou assimetrias),Considerar mamotomia (biópsia assistida a vácuo),Mamotomia,Moderado,Forte,,,Estadiamento,"[1,9]",diag_estadiamento
40,Diagnóstico/Estadiamento,Geral,Todas as amostras de biópsia,"Realizar estudo de IHQ para RE, RP, HER2 e Ki67","RE, RP, HER2, Ki67",Alto,Forte,,Se HER2 2+ realizar FISH/CISH/SISH,Estadiamento,"[1,9]",diag_estadiamento
41,Diagnóstico/Estadiamento,Geral,Câncer de mama triplo-negativo e HER2-positivo,Avaliar a presença de linfócitos infiltrantes tumorais (TILs),Avaliação de TILs,Alto,Forte,,,Estadiamento,"[1,9]",diag_estadiamento
42,Diagnóstico/Estadiamento,Geral,Métodos convencionais inconclusivos ou suspeitos,Considerar PET/CT-FDG,PET/CT-FDG,Moderado,Moderada,,,Estadiamento,"[1,9]",diag_estadiamento
43,Diagnóstico/Estadiamento,Geral,"Doença localmente avançada, múltiplos linfonodos ou suspeita de metástases",Considerar PET/CT-FDG para substituir ou complementar exames convencionais,PET/CT-FDG,Moderado,Moderada,,,Estadiamento,"[1,9]",diag_estadiamento
45,Metastático,Geral,Estadiamento — HER2+ ou TNBC assintomático,Considerar RM de crânio (controverso),,Moderado,Fraca,,Maior risco de SNC,Metastática,"[1,2,11,18]","meta_1l_her2,meta_1l_tnbc"
46,Neoadjuvância,Geral,Indicação — Câncer de mama triplo-negativo estádios II e III,Indicar neoadjuvância como estratégia preferencial,,Alto,Forte,KEYNOTE-522,Melhora de SG com pembrolizumabe,Neoadjuvante,"[1,2,12,15]",neoadj_candidata_tnbc
47,Neoadjuvância,Geral,Indicação — Câncer de mama HER2 positivo estádios II e III,Indicar neoadjuvância como estratégia preferencial,,Alto,Forte,TRAIN-2,Duplo bloqueio HER2,Neoadjuvante,"[1,2,12,15]",neoadj_candidata_her2
48,Adjuvância,RH+/HER2-,Cuidados de Suporte — Pacientes em HT,Realizar densitometria óssea anual ou bianual,Primeira DMO antes de iniciar HT,Moderado,Forte,,,Adjuvante,"[1,2,13]","adj_upfront_rhpos,pos_neoadj_rhpos_pcr,pos_neoadj_rhpos_residual"
49,Adjuvância,Geral,Estilo de Vida — Durante tratamento adjuvante curativo,Recomendar exercícios aeróbicos e de resistência,,Moderado,Forte,,"Reduz fadiga, preserva função cardiorrespiratória, melhora QV",Adjuvante,"[1,2,13]","adj_upfront_tnbc,adj_upfront_her2,adj_upfront_rhpos,seguimento_curto_prazo,seguimento_longo_prazo"
50,Neoadjuvância,Geral,Indicação — Tumores RH+/HER2- com axila positiva em pacientes na pré-menopausa,Indicar neoadjuvância como estratégia preferencial,,Alto,Forte,,Aumenta chance de downstaging,Neoadjuvante,"[1,2,15]",neoadj_candidata_rhpos
51,Neoadjuvância,TNBC,Cirurgia upfront — Tumores T1a e T1b (< 1 cm),Encaminhar para cirurgia upfront,Cirurgia inicial + discussão de adjuvância,Moderado,Forte,,,Neoadjuvante,"[1,2,15]",adj_upfront_tnbc
52,Adjuvância,RH+/HER2-,Seleção de Pacientes — Tumores RH-positivo HER2-negativo com LFN negativo se alto risco clínico (na ausência de teste genômico) ou alto risco genômico,Indicar quimioterapia adjuvante,"Alto risco clínico: tumores ≥1cm grau 3; ≥2cm grau 2-3; ≥3cm qualquer grau; pré-menopausa, invasão angiolinfática, baixa expressão RH, Ki67≥20%. | Regime: antracíclico + taxano — AC (Doxorrubicina 60 mg/m² + Ciclofosfamida 600 mg/m²) q21d ou dose-densa q14d com G-CSF, 4 ciclos, seguido de Paclitaxel 80 mg/m² semanal por 12 semanas (ou Docetaxel 75-100 mg/m² q3sem, 4 ciclos). Alternativa: TC (Docetaxel 75 + Ciclofosfamida 600 mg/m²) q3sem, 4 ciclos.",Alto,Forte,,,Adjuvante,"[1,2,17]",adj_upfront_rhpos
53,Diagnóstico/Estadiamento,Geral,Tumores localmente avançados (estádios II/III) ou candidatos a neoadjuvância,"Realizar painel laboratorial completo, TC de tórax/abdome/pelve, cintilografia óssea ou PET/CT, e RM de crânio (se sintomas ou TNBC/HER2+ localmente avançado)",Painel laboratorial + TC tórax/abdome/pelve + cintilografia ou PET/CT + RM crânio se indicado,Alto,Forte,,,Estadiamento,"[1,2,18]",diag_estadiamento
54,Metastático,Geral,Estadiamento — Sintomas neurológicos,Realizar RM de crânio,,Alto,Forte,,,Metastática,"[1,2,18]","meta_1l_rhpos,meta_1l_her2,meta_1l_tnbc"
55,Metastático,RH+/HER2-,Pós T-DXd — HER2-low,Oferecer QT com agentes únicos/combinações ou Sacituzumabe govitecana,"Individualizar. Agentes únicos: Capecitabina 1000-1250 mg/m² VO 2x/dia D1-D14 q21d; Eribulina 1,4 mg/m² EV D1/D8 q21d; Vinorelbina 25-30 mg/m² EV semanal; Gencitabina 1000 mg/m² EV D1/D8/D15 q28d. Combinações possíveis (ex.: Gemcitabina + Carboplatina). Alternativa: Sacituzumabe govitecana 10 mg/kg EV D1/D8 q21d. | NÃO re-desafio com T-DXd, NEM reintroduzir HT + iCDK4/6, NEM inavolisibe/elacestranto neste cenário.",Moderado,Fraca,,"Após progressão a T-DXd em HER2-low: NÃO indicar re-desafio com T-DXd, NEM reintroduzir HT + iCDK4/6, NEM inavolisibe/elacestranto neste cenário. Opções: QT (agentes únicos ou combinações - NE ALTO/FR FORTE) ou Sacituzumabe govitecana (NE MODERADO/FR FRACA).",Metastática,"[1,2,3,20]",meta_linhas_tardias
56,Metastático,TNBC,2ª linha — Alternativa,Oferecer quimioterapia sistêmica (agente único),"Capecitabina, eribulina, vinorelbina, gencitabina",Alto,Forte,,,Metastática,"[1,2,3,20]",meta_progressao_tnbc
57,Metastático,Geral,Crise Visceral — Metástases hepáticas extensas ou linfangite carcinomatosa,"Oferecer poliquimioterapia (ex: AC, EC, Docetaxel+Capecitabina, Gemcitabina+Paclitaxel)",Combinações: AC (Doxorrubicina 60 + Ciclofosfamida 600 mg/m² q21d); EC (Epirrubicina 90 + Ciclofosfamida 600 mg/m² q21d); Docetaxel 75 mg/m² + Capecitabina 1000 mg/m² 2x/dia D1-D14 q21d; Gemcitabina 1000 mg/m² D1/D8 + Paclitaxel 175 mg/m² D1 q21d. | Necessidade de resposta rápida.,Alto,Forte,,Necessidade de resposta rápida,Metastática,"[1,2,3,20]","meta_1l_rhpos,meta_1l_her2,meta_1l_tnbc,meta_progressao_rhpos,meta_progressao_her2,meta_progressao_tnbc"
58,Metastático,TNBC,1ª linha — PD-L1 <10 + BRCA selvagem,Oferecer quimioterapia sistêmica (mono ou poliquimioterapia) ou Datopotamabe deruxtecana (Dato-DXd) se disponível,"QT mono ou combinação: Capecitabina 1000-1250 mg/m² VO 2x/dia D1-D14 q21d; Eribulina 1,4 mg/m² EV D1/D8 q21d; Vinorelbina 25-30 mg/m² EV semanal; Gencitabina 1000 mg/m² EV D1/D8/D15 q28d; ou combinações (ex.: Gemcitabina + Carboplatina). | Preferencial se disponível: Datopotamabe deruxtecana (Dato-DXd) 6 mg/kg EV q3sem (TROPION-Breast02).",Alto,Forte,TROPION-Breast02,"TROPION-Breast02 (1L TNBC sem candidatura a imunoterapia): SLP 10,8 vs 5,6 meses (HR 0,57); SG 23,7 vs 18,7 (HR 0,79); ORR 62,5 vs 29,3%. Dato-DXd aprovado pela Anvisa para esta indicação.",Metastática,"[1,2,3,16,20]",meta_1l_tnbc
61,Metastático,RH+/HER2-,2ª linha — Progressão a Palbociclibe + IA,Oferecer Ribociclibe + Fulvestranto ou Exemestano,Ribociclibe 600 mg 21/28d + HT,Alto,Forte,MAINTAIN,"Estudo fase II, 84% usaram Palbociclibe",Metastática,"[1,2,3,4,5,20]",meta_progressao_rhpos
62,Metastático,RH+/HER2-,Linhas tardias — Opção com tamoxifeno,Oferecer Tamoxifeno em pacientes com sensibilidade hormonal,20 mg/dia,Moderado,Forte,,Opção em linhas tardias,Metastática,"[1,2,3,5,20]",meta_linhas_tardias
63,Metastático,HER2+,Linhas subsequentes — Pós T-DXd ou opções gerais,Oferecer T-DM1,"T-DM1 3,6 mg/kg EV q3sem",Alto,Forte,TH3RESA,"SLP 6,2 vs 3,3 meses",Metastática,"[1,2,3,5,20]",meta_linhas_tardias
64,Metastático,HER2+,Linhas subsequentes — Opção,Oferecer Trastuzumabe + Capecitabina,Trastuzumabe (8 mg/kg ataque → 6 mg/kg q3sem; ou 600 mg SC q3sem) + Capecitabina 1000-1250 mg/m² VO 2x/dia D1-D14 q21d (GBG-26).,Alto,Forte,GBG-26,"SLP 8,2 vs 5,6 meses",Metastática,"[1,2,3,4,5,20]",meta_linhas_tardias
65,Metastático,HER2+,Linhas subsequentes — Opção,Oferecer Lapatinibe + Capecitabina,Lapatinibe 1250 mg/dia VO contínuo + Capecitabina 1000 mg/m² VO 2x/dia D1-D14 q21d.,Alto,Forte,Geyer et al. 2006,"SLP 8,4 vs 4,4 meses",Metastática,"[1,2,3,4,5,20]",meta_linhas_tardias
66,Metastático,HER2+,Linhas subsequentes — Opção (sem QT),Oferecer Trastuzumabe + Lapatinibe,Trastuzumabe (8→6 mg/kg q3sem) + Lapatinibe 1000 mg/dia VO contínuo (EGF104900). | Ganho em SG em pacientes RH-.,Alto,Forte,EGF104900,Ganho em SG em RH-,Metastática,"[1,2,3,5,20]",meta_linhas_tardias
68,Metastático,Geral,Opção com Bevacizumabe — 1ª ou 2ª linha,Oferecer Bevacizumabe + Paclitaxel semanal,Bevacizumabe 10 mg/kg q14d ou 15 mg/kg q21d + Paclitaxel 80 mg/m² semanal,Moderado,Forte,E2100,"Aumento modesto de SLP, sem SG",Metastática,"[1,2,3,5,20]","meta_1l_rhpos,meta_1l_her2,meta_1l_tnbc,meta_progressao_rhpos,meta_progressao_her2,meta_progressao_tnbc"
69,Metastático,HER2+,Linhas subsequentes — Tucatinibe (sem aprovação no Brasil),Oferecer Trastuzumabe + Capecitabina + Tucatinibe,Tucatinibe 300 mg 2x/dia,Alto,Forte,HER2CLIMB,Não aprovado pela Anvisa,Metastática,"[1,2,3,5,10,20]",meta_linhas_tardias
70,Metastático,HER2+,1ª linha — Recidiva <6m após término da adjuvância com trastuzumabe,Oferecer Trastuzumabe deruxtecana (T-DXd),"T-DXd 5,4 mg/kg EV q3sem",Alto,Forte,DESTINY-Breast09 (em análise),"Fluxograma 1L HER2+: recidiva <6m após fim da adjuvância com trastuzumabe -> T-DXd (NE ALTO/FR FORTE). | DB09 (fase III, virgens de tratamento sistêmico): T-DXd + pertuzumabe vs HP + taxano, com SLP 40,7 vs 26,9 meses (HR 0,56; IC 95% 0,44-0,71); dados de SG imaturos; resultados do braço T-DXd em monoterapia ainda não reportados. | SEM aprovação pela Anvisa para 1ª linha no momento da elaboração da diretriz (estratégia de 1ª linha permanece T-DXd isolado).",Metastática,"[1,2,3,5,10,12,20]",meta_1l_her2
71,Metastático,RH+/HER2-,2ª linha — Progressão a iCDK4/6 + IA (1ª linha metastática ou recidiva em/após iCDK4/6 adjuvante),Oferecer Abemaciclibe + Fulvestranto,Abemaciclibe 150 mg 2x/dia + Fulvestranto,Alto,Forte,postMONARCH,"postMONARCH (fase III): abemaciclibe + fulvestranto vs placebo + fulvestranto. HR 0,73 (IC 95% 0,57-0,95); SLP em 6 meses 50 vs 37%; ORR 17 vs 7%. 99% das pacientes pós-progressão a iCDK4/6 + TE em 1ª linha metastática; iCDK4/6 prévio: palbociclibe 59%, ribociclibe 33%, abemaciclibe 8%. Ganho discreto, porém formalmente positivo.",Metastática,"[1,2,3,4,5,12,20]",meta_progressao_rhpos
72,Metastático,RH+/HER2-,Pós QT (≥1 linha) — HT resistente + progressão a ≥1 linha de QT + sem HER2-low/ultralow,Oferecer Sacituzumabe govitecana,Sacituzumabe 10 mg/kg EV D1 e D8 q21d,Alto,Forte,TROPiCS-02,"TROPiCS-02 (HT-resistente, pós ≥1 linha de QT): SLP 5,5 vs 4,0 meses. | Pré-requisitos: resistência à HT, progressão a ≥1 linha de QT e HER2 0 (sem HER2-low/ultralow). Se HER2 1+/2+ (ISH-) ou ultralow, considerar T-DXd.",Metastática,"[1,2,3,5,12,20]",meta_linhas_tardias
73,Metastático,HER2+,2ª linha — Progressão a HP + Taxano,Oferecer Trastuzumabe deruxtecana (T-DXd),"T-DXd 5,4 mg/kg EV q3sem",Alto,Forte,DESTINY-Breast03,"DB03: resposta objetiva 79,9 vs 34,2%; SLP 29 vs 7,2 meses (HR 0,30; IC 95% 0,24-0,38, seguimento 41 meses); SG 52,6 vs 42,7 meses (HR 0,73). Padrão ouro para 2ª linha após progressão a HP + Taxano. Dose: 5,4 mg/kg EV q3sem.",Metastática,"[1,2,3,5,12,20,21]",meta_progressao_her2
74,Metastático,TNBC,2ª linha — Preferencial (qualquer biomarcador),Oferecer Sacituzumabe govitecana,Sacituzumabe 10 mg/kg EV D1 e D8 q21d,Alto,Forte,ASCENT,"ASCENT (TNBC, pós ≥1 linha metastática): SLP 4,8 vs 1,7 meses; SG 11,8 vs 6,9 meses (HR 0,51) vs QT à escolha do médico (eribulina, vinorelbina, capecitabina, gencitabina); benefício mantido mesmo com menor expressão de Trop-2. | Opção preferencial em 2ª linha TNBC para qualquer biomarcador, incluindo HER2 0. Quando HER2 1+/2+ (ISH-), T-DXd (DB04) também é opção.",Metastática,"[1,2,3,5,12,15,16,20]",meta_progressao_tnbc
75,Metastático,TNBC,1ª linha — PD-L1 CPS ≥ 10 (22C3),"Oferecer Pembrolizumabe + QT (Paclitaxel, Nab-Paclitaxel ou Carboplatina+Gemcitabina)",Pembrolizumabe 200 mg q3sem + QT,Alto,Forte,KEYNOTE-355,"SG 23 vs 16,1 meses || Se CPS ≥ 10, Pembrolizumabe + QT é padrão. Se CPS < 10 e BRCA selvagem: QT sistêmica ou Datopotamabe deruxtecana (Dato-DXd) (aprovado no Brasil, TROPION-Breast02) em 1ª linha se não candidata a imunoterapia.",Metastática,"[1,2,3,5,12,16,20]",meta_1l_tnbc
76,Metastático,RH+/HER2-,2ª linha — Progressão ≥12m em iCDK4/6 + SEM alteração na via PIK3CA/AKT/PTEN,Oferecer Everolimo + Fulvestranto ou Exemestano,Everolimo 10 mg/dia + HT,Alto,Forte,BOLERO-2,"Ganho de SLP | Toxicidade (BOLERO-2): estomatite, cansaço, pneumonite e hiperglicemia com a adição de everolimo.",Metastática,"[1,2,3,5,16,20]",meta_progressao_rhpos
77,Metastático,TNBC,1ª linha — PD-L1 CPS<10 (22C3) + PD-L1>1 (Ventana SP142),Considerar Atezolizumabe + Nab-Paclitaxel,Atezolizumabe 840 mg EV q2sem (ou 1200 mg EV q3sem) + Nab-Paclitaxel 125 mg/m² EV D1/D8/D15 q28d (IMpassion130). | Considerar quando PD-L1>1 (Ventana SP142) com CPS<10; sem benefício estatisticamente significativo em SG.,Moderado,Forte,IMpassion130,"Nota do fluxograma TNBC 1ª linha (cenário CPS<10 sem mutação germinativa BRCA). IMpassion130: em PD-L1>1 (SP142) ganho em SLP (7,2 vs 5,5 meses; HR 0,80; p=0,002); SG 25 vs 18 meses (HR 0,71) sem significância estatística pela metodologia do estudo.",Metastática,"[1,2,3,5,16,20]",meta_1l_tnbc
79,Metastático,RH+/HER2-,1ª linha (PIK3CA) — Resistência endócrina (recidiva ≤12m adjuvância) + mutação PIK3CA,Oferecer Inavolisibe + Palbociclibe + Fulvestranto,Inavolisibe 300 mg VO 1x/dia + Palbociclibe 125 mg 21/28d + Fulvestranto 500 mg IM,Alto,Forte,INAVO120,"INAVO120: SLP 15 vs 7,3 meses (HR 0,43; IC 95% 0,32-0,59); ORR 58,4 vs 25%; SG 34 vs 27 meses (HR 0,67; p=0,019). | Pré-requisito: mutação PIK3CA + resistência endócrina (recidiva durante ou até 12 meses após HT adjuvante) + cenário 1ª linha. | Toxicidades de grau ≥3: hiperglicemia, estomatite e diarreia; monitorar rigorosamente.",Metastática,"[1,2,3,5,6,12,16,20]",meta_1l_rhpos
80,Metastático,RH+/HER2-,2ª linha — Progressão ≥12m em iCDK4/6 + alteração PIK3CA/AKT/PTEN,Oferecer Capivasertibe + Fulvestranto,Capivasertibe 400 mg VO 12/12h D1-4 + Fulvestranto 500 mg IM D1 a cada 28d,Alto,Forte,CAPItello-291,"CAPItello-291: 708 pts; 289 (40,8%) com alterações da via PIK3CA/AKT1/PTEN; 489 (69,1%) com iCDK4/6 prévio. | Na população com alteração da via PIK3CA/AKT1/PTEN: SLP 7,3 vs 3,1 meses (HR 0,50; IC 95% 0,38-0,65). | Efeitos colaterais comuns: náuseas, erupções cutâneas e diarreia (72,4% vs 20%); hiperglicemia em 16,3%. | Esquema: 400 mg VO 12/12h (4 dias ON, 3 OFF).",Metastática,"[1,2,3,5,6,16,20]",meta_progressao_rhpos
81,Metastático,RH+/HER2-,Mutação PIK3CA + Capivasertibe indisponível (2ª linha),Oferecer Alpelisibe + Fulvestranto,Alpelisibe 300 mg/dia + Fulvestranto,Alto,Forte,SOLAR-1,"SOLAR-1 (coorte com mutação PIK3CA, pós progressão a IA): SLP 11 vs 5,7 meses (HR 0,65); SG 39,3 vs 31,4 (HR 0,86; NS). | Reserva: usar somente quando capivasertibe indisponível (capivasertibe é a opção primária na 2ª linha com alteração da via). | Mutação PIK3CA pode ser detectada no tumor (primário ou metastático) ou por biópsia líquida. | Toxicidade (classe iPI3K): hiperglicemia, rash cutâneo, diarreia e estomatite; monitorar glicemia de jejum e HbA1c no início e a cada ciclo, função hepática e pele.",Metastática,"[1,2,3,5,6,16,20]",meta_progressao_rhpos
82,Metastático,HER2+,1ª linha — Contraindicação a taxanos,Oferecer HP (Trastuzumabe+Pertuzumabe) + Vinorelbina,HP (Trastuzumabe 8→6 mg/kg q3sem + Pertuzumabe 840→420 mg q3sem) + Vinorelbina 25 mg/m² EV D1/D8 q3sem (VELVET). | Opção segura em contraindicação a taxanos.,Moderado,Forte,VELVET,Opção segura,Metastática,"[1,2,3,5,7,20]",meta_1l_her2
83,Metastático,RH+/HER2-,1ª linha — Pré-menopausa,Oferecer supressão ovariana + IA ou Tamoxifeno + Ribociclibe (iCDK4/6),"Supressão ovariana (agonista GnRH: Goserrelina 3,6 mg SC mensal ou 10,8 mg trimestral, ou Leuprolida 11,25 mg trimestral) + Ribociclibe 600 mg VO D1-D21/q28d + IA (Letrozol 2,5 mg, Anastrozol 1 mg ou Exemestano 25 mg/dia) OU Tamoxifeno 20 mg/dia (MONALEESA-7). | Ganho de SG comprovado.",Alto,Forte,MONALEESA-7,Ganho de SG,Metastática,"[1,2,3,5,8,20]",meta_1l_rhpos
84,Metastático,RH+/HER2-,"Pós HT (sem QT prévia) — HER2-low ou ultralow, após progressão a HT (sem QT prévia no metastático)",Oferecer Trastuzumabe deruxtecana (T-DXd),"T-DXd 5,4 mg/kg EV q3sem",Alto,Forte,DESTINY-Breast06,"DB06: pacientes RH+/HER2- com HER2-low ou ultralow após progressão a HT, sem QT prévia para doença metastática. | Pré-requisitos: resistência à HT e indicação de agente citotóxico.",Metastática,"[1,2,3,5,9,12,20]",meta_linhas_tardias
85,Metastático,TNBC,2ª linha — HER2 1+ ou 2+ (ISH-),Oferecer Trastuzumabe deruxtecana (T-DXd),"T-DXd 5,4 mg/kg EV q3sem",Alto,Forte,DESTINY-Breast04,"Subgrupo TNBC do DB04 (RE-negativo, HER2 1+ ou 2+ ISH-): SLP 8,5 vs 2,9 meses; SG 18,2 vs 8,3 meses. | A diretriz destaca preferência pelo uso mais precoce de sacituzumabe govitecana em TNBC (ASCENT foi desenhado para a população triplo-negativa); T-DXd é opção para HER2 1+/2+ (ISH-) neste cenário.",Metastática,"[1,2,3,5,9,12,15,16,20,21]",meta_progressao_tnbc
86,Metastático,RH+/HER2-,"Pós HT resistente (indicação de agente citotóxico) — HER2-low (1+ ou 2+ ISH-) ou ultralow, HT resistente",Oferecer Trastuzumabe deruxtecana (T-DXd),"T-DXd 5,4 mg/kg EV q3sem",Alto,Forte,DESTINY-Breast04,"DB04 (coorte RH+/HER2-): SLP 10,1 vs 5,4 meses (HR 0,51). Pré-requisito: resistência à HT com indicação de agente citotóxico; NÃO exige QT prévia no metastático.",Metastática,"[1,2,3,5,9,12,16,20]",meta_linhas_tardias
89,Metastático,Geral,Indolente — Pouco sintomática e baixo volume,"Oferecer monoterapia sequencial (Capecitabina, Eribulina, Vinorelbina, Gencitabina)",Agente único oral ou EV,Alto,Forte,,"Menor toxicidade, melhor QV",Metastática,"[1,2,3,6,20]","meta_1l_rhpos,meta_1l_her2,meta_1l_tnbc"
90,Metastático,RH+/HER2-,"1ª linha — Selecionados (baixo volume, não-visceral, de novo)",Oferecer hormonioterapia (HT) isolada (IA ou Fulvestranto),"IA (Letrozol 2,5 mg/dia, Anastrozol 1 mg/dia ou Exemestano 25 mg/dia) OU Fulvestranto 500 mg IM D1, D15 e D29, depois 500 mg IM mensal. | A combinação com iCDK4/6 é superior mesmo em baixo volume/não-visceral.",Moderado,Fraca,,Combinação com iCDK4/6 ainda é superior,Metastática,"[1,2,3,7,20]",meta_1l_rhpos
92,Metastático,RH+/HER2-,Linhas tardias — Mutações ESR1 (Elacestranto),Oferecer Elacestranto (não disponível no Brasil),Elacestranto 400 mg/dia VO,Alto,Forte,EMERALD,EMERALD: SERD oral em pós 1-2 linhas de HT com progressão a iCDK4/6 (admitida 1 linha prévia de QT). Aprovado pelo FDA e EMA; SEM aprovação pela Anvisa - não consta nas recomendações formais da diretriz.,Metastática,"[1,2,3,9,10,20]",meta_linhas_tardias
93,Neoadjuvância,RH+/HER2-,1ª linha (Alternativa) — Tumores RH+/HER2- de alto risco,Administrar AC ou EC seguido de Paclitaxel ou Docetaxel,"AC a cada 3 semanas, 4 ciclos OU EC90 a cada 3 semanas, 4 ciclos. Paclitaxel ou Docetaxel 75-100 mg/m²",Alto,Forte,NSABP B-27,Inversão da ordem (Taxano -> AC) é aceitável. Não usar 5-FU,Neoadjuvante,"[1,2,4,5,21]",neoadj_candidata_rhpos
94,Neoadjuvância,HER2+,1ª linha (Alternativa) — Doença HER2+ localizada,Considerar THP (Paclitaxel + Trastuzumabe + Pertuzumabe),Paclitaxel semanal por 12 semanas + Trastuzumabe + Pertuzumabe (duplo bloqueio),Moderado,Forte,NeoSphere,,Neoadjuvante,"[1,2,4,5]",neoadj_candidata_her2
95,Neoadjuvância,HER2+,1ª linha (Alternativa) — Pacientes frágeis ou tumores de muito baixo risco,Considerar TH (apenas Trastuzumabe + Paclitaxel),"Paclitaxel 80 mg/m² EV semanal por 12 semanas + Trastuzumabe (ataque 8 mg/kg, depois 6 mg/kg q3sem), sem Pertuzumabe; manter Trastuzumabe até completar 1 ano. | Para pacientes frágeis ou tumores de muito baixo risco (definição requer julgamento clínico).",Moderado,Forte,,Definição de 'muito baixo risco' requer julgamento clínico,Neoadjuvante,"[1,2,4,5]",neoadj_candidata_her2
96,Neoadjuvância,HER2+,1ª linha (Preferencial) — Doença localizada (>2cm)* ou localmente avançada HER2+,Administrar TCHP (esquema sem antraciclina),"Carboplatina AUC6 + Paclitaxel 80 mg/m² D1/D8 (ou Docetaxel 75 mg/m²) + Trastuzumabe (ataque 8mg/kg, manutenção 6mg/kg) + Pertuzumabe (ataque 840mg, manutenção 420mg). A cada 3 semanas, 6-9 ciclos",Alto,Forte,TRAIN-2,"RPC 68% sem antraciclina vs 67% com, menor toxicidade || Baseado no TRAIN-2: Esquema sem antraciclina tem mesma RPC (~67%) e MENOS toxicidade que esquemas com antraciclinas. Portanto, não utilize antraciclinas rotineiramente na neoadjuvância HER2+.",Neoadjuvante,"[1,2,4,5,6,12,21]",neoadj_candidata_her2
98,Adjuvância,TNBC,"Quimioterapia — 1ª linha — Triplo-negativo, cirurgia upfront",Oferecer antracíclico + taxano ou Carboplatina + Paclitaxel,"ACdd→T (Doxo 60 + C 600 q14d, 4 ciclos → Paclitaxel 80 semanal 12 sem); AC→T (q21d); ou Carboplatina AUC2 + Paclitaxel 80 semanal",Alto,Forte,"Yu KD et al., JAMA Oncol 2020",Carboplatina + Paclitaxel similar a FEC-T,Adjuvante,"[1,2,5]",adj_upfront_tnbc
99,Adjuvância,HER2+,"Quimioterapia — 1ª linha — HER2+, cirurgia upfront",Oferecer antracíclico + taxano + Trastuzumabe,"ACdd→TH (AC q14d, 4 ciclos → Paclitaxel semanal + Trastuzumabe) ou AC→TH",Alto,Forte,HERA/NSABP B-31/NCCTG N9831,"HERA (fase III, n=5.102, qualquer QT prévia, sequencial APÓS a QT — 100% sequencial, 33% N0): T 1 vs 2 anos vs observação → 8a DFS HR 0,76 (1 ano), sem diferença entre 1 e 2 anos; cardiotoxicidade grave baixa (0,1-0,8%). | Joint analysis B-31/N9831 (n=3.396, 90% N+, T CONCOMITANTE ao paclitaxel após AC): risco de evento DFS reduzido ~48-52% (HR 0,48), OS HR 0,65; CHF 2,3-3,8% vs 0,9-1,3%. | Diferença-chave: HERA usa T sequencial (após QT, vigência mais ampla); B-31/N9831 usam T concomitante ao paclitaxel (AC→T→T) — concomitante mostrou maior benefício, porém mais cardiotoxicidade. Por isso: HER2+ com indicação de QT → preferir T concomitante ao taxano.",Adjuvante,"[1,2,5]",adj_upfront_her2
100,Adjuvância,HER2+,"Quimioterapia — 1ª linha — HER2+, baixo risco (<2 cm, N0)",Oferecer Paclitaxel + Trastuzumabe (TH),"Paclitaxel 80 mg/m² semanal + Trastuzumabe, 12 semanas",Moderado,Forte,Tolaney et al.,Estudo de fase II,Adjuvante,"[1,2,5]",adj_upfront_her2
101,Adjuvância,TNBC,Quimioterapia — Doença residual pós-neoadjuvância,Oferecer Capecitabina adjuvante,"2.000-2.500 mg/m² VO D1-14, q3sem, 6-8 ciclos (preferir 2.000 para ocidentais)",Alto,Forte,CREATE-X,"Ganho absoluto de 8,5% em 5 anos",Adjuvante,"[1,2,5,12]",pos_neoadj_tnbc_residual
102,Adjuvância,TNBC,Quimioterapia — Pós-neoadjuvância — Tratado com Pembrolizumabe na neoadjuvância,Continuar Pembrolizumabe na adjuvância,"200 mg EV D1, q21d, por 9 ciclos (ou até 17 totais)",Alto,Forte,KEYNOTE-522,Independente da RPC,Adjuvante,"[1,2,5,12]",pos_neoadj_tnbc_residual
103,Neoadjuvância,TNBC,1ª linha — Tumores entre 1 cm e 2 cm com axila negativa (cN0),Realizar neoadjuvância com taxano + antracíclico (ou taxano + carboplatina),Esquemas T-ACdd ou ACdd-T. Ou: Paclitaxel + Carboplatina,Alto,Forte,Brightness/Pearly,"Brightness e Pearly são ambos fase III TNBC neoadjuvante e confirmam que adicionar carboplatina aumenta RPC e SLE. | Brightness: 3 braços (paclitaxel+carbo com/sem veliparibe vs paclitaxel) → AC; veliparibe não agregou; carbo ↑ RPC e EFS (HR 0,57; +11% aos 4,5 anos), independente do status BRCA. | Pearly: fase III randomizado, antraciclina+taxano ± carboplatina → confirmou ↑ RPC e melhora da SLE. | Conclusão conjunta: para TNBC 1-2 cm N0, neoadjuvância com taxano+antracíclico OU taxano+carboplatina é aceitável.",Neoadjuvante,"[1,2,5,15]",neoadj_candidata_tnbc
104,Neoadjuvância,TNBC,"1ª linha — Todos os TNBC estádios II/III, independentemente do uso de Pembrolizumabe",Incorporar Carboplatina ao regime neoadjuvante,Carboplatina associada a antraciclinas e taxanos,Alto,Forte,Brightness/Pearly,"Brightness (fase III): adição de carboplatina → RPC aumentada e EFS HR 0,57 (IC 95% 0,36-0,91; p=0,02), +11% absolutos aos 4,5 anos, consistente independente do BRCA. | Pearly (fase III): mesmo racional, antraciclina+taxano ± carboplatina → ↑ RPC e SLE. | Ambos fase III dão suporte a incorporar carboplatina no neoadjuvante de TNBC estádio II/III, com ou sem pembrolizumabe.",Neoadjuvante,"[1,2,5,15]",neoadj_candidata_tnbc
105,Neoadjuvância,HER2+,Pós-neoadjuvância (RPC) — Pacientes com cN0 (linfonodo negativo) que atingiram RPC,Manter Trastuzumabe isolado até completar 1 ano,Trastuzumabe a cada 3 semanas,Alto,Forte,HERA,Para cN+ considerar adicionar Pertuzumabe,Neoadjuvante,"[1,2,5,15]",pos_neoadj_her2_pcr
106,Neoadjuvância,HER2+,Pós-neoadjuvância (RPC) — Pacientes com cN+ (linfonodo positivo) que atingiram RPC,Manter Trastuzumabe + Pertuzumabe até completar 1 ano,Duplo bloqueio HER2 (Trastuzumabe + Pertuzumabe),Alto,Forte,APHINITY,Benefício exclusivo para N+,Neoadjuvante,"[1,2,5,15]",pos_neoadj_her2_pcr
107,Adjuvância,HER2+,"Anti-HER2 — HER2+, RPC pós-neoadjuvância",Manter Trastuzumabe até 1 ano (com ou sem Pertuzumabe),Trastuzumabe 6 mg/kg q3sem (ou SC),Alto,Forte,APHINITY,Adicionar Pertuzumabe se N+,Adjuvante,"[1,2,5,15]",pos_neoadj_her2_pcr
108,Adjuvância,HER2+,"Anti-HER2 — HER2+, N+ (APHINITY)",Considerar adição de Pertuzumabe,"Pertuzumabe + Trastuzumabe + QT, até 1 ano",Alto,Forte,APHINITY,Maior benefício em N+; em N0 não houve benefício clínico relevante,Adjuvante,"[1,2,5,15]",adj_upfront_her2
109,Neoadjuvância,RH+/HER2-,1ª linha — Tumores RH+/HER2- de alto risco,Administrar AC dose-dense (ACdd) seguido de Paclitaxel,"ACdd: Adriamicina 60 mg/m² + Ciclofosfamida 600 mg/m² D1 a cada 2 semanas, 4 ciclos. Paclitaxel: 80 mg/m² semanal por 12 semanas OU 175 mg/m² a cada 2 semanas, 4 ciclos",Alto,Forte,EBCTCG meta-análise,"Preferir dose-dense || Esquema ACdd: Doxorrubicina 60 mg/m² + Ciclofosfamida 600 mg/m², D1, a cada 14 dias, 4 ciclos com suporte de G-CSF (Pegfilgrastim 6mg D2). Paclitaxel 80 mg/m² semanal por 12 semanas ou 175 mg/m² a cada 14 dias, 4 ciclos. Não utilizar 5-FU (sem benefício). Paclitaxel 175 mg/m² a cada 21 dias é inferior. | Toxicidade/monitoramento: QT dose-densa exige suporte profilático com G-CSF (pegfilgrastim 6 mg D2) em cada ciclo; monitorar hemograma (neutropenia febril), função cardíaca (FEVE - antraciclina) e neuropatia periférica (paclitaxel).",Neoadjuvante,"[1,2,4,5,6]",neoadj_candidata_rhpos
110,Adjuvância,RH+/HER2-,"Quimioterapia — 1ª linha — RH+/HER2-, alto risco (≥2 cm e/ou LFN+)",Preferir antracíclico + taxano,"AC → T semanal (80 mg/m², 12 sem) ou AC → D (100 mg/m², 4 ciclos) ou dose-densa (AC a cada 14 dias + Paclitaxel 175 mg/m² a cada 14 dias)",Alto,Forte,NSABP B-28/CALGB 9344,"Ambos: AC ×4 seguido de paclitaxel q3sem ×4 vs AC isolado, em N+. | CALGB 9344 (n=3.121): também testou escalonamento de doxorubicina (60/75/90 mg/m²) → sem benefício da dose maior; adição do paclitaxel reduziu recorrência 17% e morte 18% (DFS e OS significativos). | NSABP B-28 (n=3.060): adição de paclitaxel melhorou DFS (RR 0,83; SLD 5a 76% vs 72%; p=0,006) mas SEM ganho de OS (RR 0,93) — tamoxifeno dado concomitantemente pode ter atenuado o efeito. | Conclusão: antracíclico+taxano sequencial (AC→P) é preferível a AC isolado em alto risco; não escalar dose de doxorrubicina.",Adjuvante,"[1,2,5,6]",adj_upfront_rhpos
111,Adjuvância,RH+/HER2-,"Hormonioterapia — Qualquer RH+, em uso de IA com artralgia grave",Trocar para Tamoxifeno ou esquema sequencial,Tamoxifeno 20 mg/dia ou 2-3a TMX + 2-3a IA,Moderado,Forte,,Melhorar adesão,Adjuvante,"[1,2,5,6]",adj_upfront_rhpos
113,Neoadjuvância,HER2+,Pós-neoadjuvância (Doença Residual) — Pacientes HER2+ com doença residual invasiva pós-neoadjuvância,Administrar T-DM1 adjuvante por 14 ciclos,"T-DM1 (trastuzumabe emtansina) por 14 ciclos, substituindo trastuzumabe e pertuzumabe",Alto,Forte,KATHERINE,"Melhora de SG || Dose: 3,6 mg/kg EV D1, a cada 21 dias, por 14 ciclos. Substitui trastuzumabe e pertuzumabe. Ganho absoluto em SG em 7 anos: +4,7%. ATENÇÃO: DESTINY-Breast05 mostrou T-DXd superior ao T-DM1, mas ainda sem aprovação Anvisa para essa indicação específica. | Toxicidades a monitorar: trombocitopenia, hepatotoxicidade (transaminases), neuropatia periférica e fadiga (NÃO se refere a ganho de peso).",Neoadjuvante,"[1,2,5,6,10,12,15]",pos_neoadj_her2_residual
114,Adjuvância,RH+/HER2-,"iCDK4/6 — RH+/HER2-, alto risco (MonarchE: ≥4 LFN; ou 1-3 LFN + T≥5cm/G3/Ki67≥20%)",Oferecer Abemaciclibe + HT por 2 anos,"150 mg VO 2x/dia, contínuo, 2 anos",Alto,Forte,MONARCH E,"monarchE (atualização, mediana 76,2 meses): SLDi 77,4 vs 70,9% (+6,5 pp; HR 0,734), SLRD 80,0 vs 74,9% (+5,1 pp; HR 0,746) e SG 86,8 vs 85,0% (+1,8 pp; HR 0,842). | Critérios MONARCH E (estritos): 4 ou mais LFN OU 1-3 LFN + (T ≥ 5cm OU Grau 3 OU Ki67 ≥ 20%). Associar obrigatoriamente à hormonioterapia (Tamoxifeno ou IA + supressão ovariana). | Toxicidade/monitoramento: diarreia é o evento mais frequente (~85%; G3 em 10-15%) - loperamida profilática e hidratação; fadiga, náusea, neutropenia (menos frequente que palbociclibe/ribociclibe) e elevação de transaminases; monitorar função hepática e creatinina a cada 2 meses.",Adjuvante,"[1,2,5,6,12]","pos_neoadj_rhpos_residual,adj_upfront_rhpos"
115,Adjuvância,RH+/HER2-,"iCDK4/6 — RH+/HER2-, alto risco (NATALEE: N+ qualquer; ou N0 com T≥2cm+G3 ou T≥2cm+Ki67≥20%+risco genômico)",Oferecer Ribociclibe + IA ± supressão ovariana por 3 anos,"400 mg VO D1-21, q28d, 3 anos",Alto,Forte,NATALEE,"NATALEE (atualização, 5 anos): ganho de 4,5% em SLDi vs controle; benefício em todos os subgrupos predefinidos, incluindo N0 (HR 0,606; IC 95% 0,372-0,986). | Não associar a Tamoxifeno. Critérios NATALEE: N+ (qualquer) OU N0 com (T ≥ 2cm + Grau 3 OU T ≥ 2cm + Ki67 ≥ 20% + alto risco genômico) ou T3/T4. Dose é 400 mg (não 600 mg). Associar a IA + supressão ovariana (se premenopausa). | Toxicidade/monitoramento: hepatotoxicidade (AST/ALT a cada ciclo; ~10% G3-4; pausar se ALT/AST > 3x LSN com bilirrubina > 2x LSN), neutropenia (hemograma), prolongamento de QTcF (basal, C1D15, C2D1; pausar se ≥ 480 ms e corrigir eletrólitos); contraindicado com tamoxifeno.",Adjuvante,"[1,2,5,6,12]","pos_neoadj_rhpos_residual,adj_upfront_rhpos"
116,Neoadjuvância,TNBC,Pós-neoadjuvância (Doença Residual) — Pacientes TNBC sem RPC após neoadjuvância,Administrar Capecitabina adjuvante,"Capecitabina 2.000-2.500 mg/m² (dose reduzida para 2.000 em ocidentais) D1-14 a cada 3 semanas, 6-8 ciclos",Alto,Forte,CREATE-X,"Ganho absoluto de 8,5% em 5 anos || Dose: 2.000 mg/m² (e não 2.500 mg/m², devido à maior toxicidade em ocidentais) VO D1-14, a cada 21 dias, por 6 a 8 ciclos.",Neoadjuvante,"[1,2,5,6,12,15]",pos_neoadj_tnbc_residual
117,Adjuvância,HER2+,"Anti-HER2 — HER2+, doença residual pós-neoadjuvância",Oferecer T-DM1 adjuvante,"3,6 mg/kg EV D1, q3sem, 14 ciclos",Alto,Forte,KATHERINE,"Ganho de SG de 4,7% em 7 anos | KATHERINE: ganho de SG de 4,7% em 7 anos. Toxicidades a monitorar: trombocitopenia, hepatotoxicidade, neuropatia periférica e fadiga (NÃO se refere a ganho de peso).",Adjuvante,"[1,2,5,6,12,15]",pos_neoadj_her2_residual
118,Neoadjuvância,TNBC,1ª linha — Tumores > 2 cm ou linfonodos positivos (N+),Administrar esquema Keynote-522 (Pembrolizumabe + QT),Fase 1 (4 ciclos): Carboplatina (AUC5 D1 ou AUC1.5 D1/D8/D15) + Paclitaxel 80 mg/m² + Pembro 200 mg. Fase 2 (4 ciclos): Doxorrubicina/Epirrubicina + Ciclofosfamida + Pembro 200 mg. Fase 3 (adjuvante): Pembro 200 mg por 9 ciclos,Alto,Forte,KEYNOTE-522,"Melhora de SG: 86.6% vs 81.7% em 5 anos || Fase 2 pode ser dose-densa (a cada 14 dias com G-CSF, desvinculado do Pembro). Tumores HER2-negativos com RE entre 1-10% (ER-low) devem ser manejados conforme este fluxograma.",Neoadjuvante,"[1,2,5,6,12,15,16,21]",neoadj_candidata_tnbc
119,Adjuvância,RH+/HER2-,"CDIS, RH+ (sem mastectomia bilateral)",Oferecer hormonioterapia adjuvante,Tamoxifeno 20 mg/dia por 5a (ou 10mg em dias alternados por 3a) ou Anastrozol 1mg/dia (pós-menopausa) por 5a,Alto,Forte,NSABP B-35/DeCensi,"B-35 (DCIS RH+, pós-menopausa, lumpectomia+RT): tamoxifeno 20 mg/d ×5 anos vs anastrozol 1 mg/d ×5 → anastrozol reduziu eventos de mama em pós-menopausa mais jovens; eficácia geral similar em recidiva invasiva; diferenças pequenas. | DeCensi (neoplasia intraepitelial de mama = CDIS/LIN, dose baixa): tamoxifeno 5 mg/d ×3 anos vs placebo → redução de recidiva local e contralateral proporção similar à dose-padrão, com menos toxicidade (sem dose 5 mg no Brasil: alternativa 10 mg em dias alternados). | Diferença: B-35 compara TMX padronizado vs IA; DeCensi é TMX de baixa dose vs placebo em lesões precursoras.",Adjuvante,"[1,2,5,6,7]",
120,Adjuvância,HER2+,"Quimioterapia — 1ª linha — HER2+, contraindicação a antraciclinas",Oferecer TCH,"Docetaxel 75 + Carboplatina AUC6 + Trastuzumabe, q3sem, 6 ciclos",Alto,Forte,BCIRG-006,,Adjuvante,"[1,2,5,7]",adj_upfront_her2
121,Adjuvância,HER2+,"Anti-HER2 — HER2+/RH+, especialmente com doença residual",Considerar Neratinibe por 1 ano (após 1 ano de Trastuzumabe),"240 mg VO 1x/dia, 1 ano",Alto,Fraca,ExteNET,"Evidência pré-T-DM1; benefício em RH+ e doença residual || Dose: 240 mg VO 1x/dia por 1 ano, iniciado APÓS a conclusão de 1 ano de Trastuzumabe. Benefício restrito a subgrupo HER2+/RH+ com doença residual. Força da recomendação é FRACA (evidência pré-era T-DM1).",Adjuvante,"[1,2,5,7,11]","pos_neoadj_her2_residual,adj_upfront_her2"
122,Neoadjuvância,RH+/HER2-,"Hormonioterapia neoadjuvante — Pacientes na pós-menopausa, tumores grau 1/2, RE forte, RP+, Ki67 baixo, HER2-",Oferecer Inibidor de Aromatase (IA) neoadjuvante,"Exemestano, Letrozol ou Anastrozol (equivalentes). Manter por pelo menos 6 meses se houver resposta",Moderado,Forte,ACOSOG Z1031,NÃO fazer em pré-menopausa (exceto ensaio clínico). RPC é rara; usar PEPI Score,Neoadjuvante,"[1,2,5,8]",neoadj_candidata_rhpos
123,Adjuvância,RH+/HER2-,"Hormonioterapia — Pré-menopausa, RH+",Oferecer Tamoxifeno por 5 a 10 anos,20 mg/dia,Alto,Forte,ATLAS/aTTom,"ATLAS (n=6.846, 100% RE+): TMX 10 vs 5 anos → ↓ recorrência e mortalidade por câncer de mama (após o 10º ano), ↓ mortalidade global, mas ↑ câncer endometrial (HR 1,74) e embolia pulmonar (HR 1,87). | aTTom (n=6.934, 39% RE+, 61% RE desconhecido; 4,2 anos de seguimento): TMX 10 vs 5 → ↓ recorrência e mortalidade por câncer de mama, ↑ câncer endometrial. | Diferença: ATLAS 100% RE+ com seguimento longo; aTTom maioria RE desconhecido e seguimento curto — mas resultados concordantes; benefício compensa risco endometrial principalmente na pré-menopausa.",Adjuvante,"[1,2,5,8,19,21]",adj_upfront_rhpos
124,Adjuvância,RH+/HER2-,"Hormonioterapia — Pré-menopausa, alto risco (QT prévia ou idade <35 anos)",Considerar supressão ovariana + Tamoxifeno ou IA,Triptorrelina/Goserrelina por 2-5 anos + Tamoxifeno ou Exemestano,Alto,Forte,SOFT/TEXT,"SOFT e TEXT (IBCSG, pré-menopausa RH+, 5 anos de tratamento): respondem perguntas complementares. | TEXT: exemestano+SO vs tamoxifeno+SO, com SO iniciada desde o início (concomitante à QT quando usada). | SOFT: tamoxifeno isolado vs tamoxifeno+SO vs exemestano+SO, em mulheres que permaneceram pré-menopausa (QT prévia ou não). | Análise combinada (n=4.717; E+SO vs T+SO): DFS HR 0,72 (5 anos); em <35 anos ou HER2- com QT prévia, ganho máximo (E+SO OS 15a 82,5% vs T 68,1%). | Com a análise final de 15 anos: benefício de SO/T+ vs T HR 0,82 (BCFI); E+SO ↓ recorrência distante HR 0,78. Benefício REAL de SO concentrado em alto risco (QT prévia ou <35 anos).",Adjuvante,"[1,2,5,8]",adj_upfront_rhpos
125,Adjuvância,RH+/HER2-,"Hormonioterapia — Pós-menopausa, RH+",Oferecer IA ou Tamoxifeno ou sequencial,"Anastrozol 1mg, Letrozol 2,5mg, Exemestano 25mg, ou Tamoxifeno 20mg, por 5-10 anos",Alto,Forte,BIG 1-98,IA superiores a Tamoxifeno em SLD,Adjuvante,"[1,2,5,8,19,21]",adj_upfront_rhpos
126,Adjuvância,RH+/HER2-,"Hormonioterapia — Pós-menopausa, RH+, em uso de Tamoxifeno há 2-3 anos",Considerar extensão com Letrozol por mais 5 anos (total 7-8 anos),"Letrozol 2,5 mg/dia",Alto,Forte,GIM4,Ganho em SLD e SG,Adjuvante,"[1,2,5,8,19]",adj_upfront_rhpos
127,Adjuvância,TNBC,Quimioterapia — Pós-neoadjuvância — Doença residual + mutação BRCA1/2,Considerar Olaparibe adjuvante,"300 mg 2x/dia, 1 ano",Alto,Forte,OlympiA,Pode ser combinado com Pembrolizumabe (seguro),Adjuvante,"[1,2,5,9,12,16]","adj_residual_tnbc_brca,pos_neoadj_tnbc_residual"
128,Adjuvância,Geral,PARP — Mutações germinativas BRCA1/2 + alto risco (RH+: CPS-EG≥3 pós-neoadjuvância OU ≥4 LFN em QT adjuvante; TN: doença residual ou T2/N+),Oferecer Olaparibe por 1 ano,"300 mg VO 2x/dia, 1 ano",Alto,Forte,OlympiA,"OlympiA: ganho em SLD e SG. Em 4 anos, SG 89,8 vs 86,4% (+3,4%; HR 0,68; IC 95% 0,47-0,97). | Dose: 300 mg VO 2x/dia por 1 ano. Em doentes TNBC com doença residual que usaram Pembrolizumabe, Olaparibe pode ser combinado (seguro).",Adjuvante,"[1,2,5,9,12,16]",adj_residual_tnbc_brca
129,Neoadjuvância,TNBC,Pós-neoadjuvância (Doença Residual) — Pacientes com mutação germinativa BRCA1/2 e doença residual,Administrar Olaparibe adjuvante,"Olaparibe 300 mg 2x/dia, 1 ano",Alto,Forte,OlympiA,Melhora de SLP e SG,Neoadjuvante,"[1,2,5,9,15,16]","pos_neoadj_tnbc_residual,adj_residual_tnbc_brca"
130,Adjuvância,HER2+,Anti-HER2 — Qualquer HER2+ em uso de Trastuzumabe,Monitorar fração de ejeção (FEVE),"Avaliar em 0, 3, 6, 9 e 12 meses",Alto,Forte,,Pausa de 4 semanas se queda >16% do basal ou 10-15% abaixo do normal,Adjuvante,"[1,2,6]","adj_upfront_her2,pos_neoadj_her2_pcr,pos_neoadj_her2_residual"
131,Adjuvância,Geral,Seleção de Pacientes — Tumores menores de 5 mm ou LFN negativo sem outros aspectos de mau prognóstico,Considerar tratamento sem QT adjuvante,"Tumores <5 mm ou LFN negativo sem outros fatores de mau prognóstico (ex.: RH+, baixo grau): omitir QT; hormonioterapia adjuvante conforme subtipo.",Alto,Forte,,,Adjuvante,"[1,2,7]","adj_upfront_tnbc,adj_upfront_her2,adj_upfront_rhpos"
132,Adjuvância,RH+/HER2-,Quimioterapia — Qualquer RH+/HER2-,Não adicionar 5-FU ao AC ou EC,"Usar AC ou EC SEM 5-FU: Doxorrubicina 60 mg/m² + Ciclofosfamida 600 mg/m² (ou Epirrubicina 90 + Ciclo 600 mg/m²) q21d ou dose-densa q14d com G-CSF, seguido de taxano (AC→T). | 5-FU não agrega benefício (Del Mastro, Lancet 2015).",Alto,Forte,"Del Mastro et al., Lancet 2015",Sem benefício adicional || Para tumores RH+/HER2- com indicação de QT: Preferir esquemas com antracíclico + taxano (AC→T ou ACdd→T). Não utilizar 5-FU associado ao AC ou EC (sem benefício adicional).,Adjuvante,"[1,2,7]",adj_upfront_rhpos
133,Adjuvância,RH+/HER2-,"iCDK4/6 — RH+/HER2-, adjuvante",Não oferecer Palbociclibe,Não usar Palbociclibe adjuvante (PALLAS e PENELOPE-B negativos). | Se considerar iCDK4/6 adjuvante em alto risco: Abemaciclibe 150 mg 2x/dia por 2 anos (MonarchE) ou Ribociclibe 400 mg D1-D21/q28d por 3 anos (NATALEE).,Alto,Forte,PALLAS e PENELOPE-B negativos,"PALLAS (n=5.796, RH+/HER2-, estádio II-III, palbociclibe 2 anos + HT vs HT) → NEGATIVO para iDFS. | PENELOPE-B (n=1.250, doença residual pós-neoadjuvante + alto risco CPS-EG ≥3 ou =2 com ypN+, palbociclibe 1 ano/13 ciclos vs placebo) → NEGATIVO (iDFS HR 0,93; p=0,525). | Diferença: PALLAS inclui cirurgia upfront (todos os estágios); PENELOPE-B é dirigido ao cenário pós-neoadjuvante de alto risco. Ambos negativos → palbociclibe NÃO tem papel no adjuvante (contraste: abemaciclibe MonarchE e ribociclibe NATALEE positivos).",Adjuvante,"[1,2,7]","pos_neoadj_rhpos_residual,adj_upfront_rhpos"
134,Adjuvância,HER2+,"CDIS, HER2+",Não oferecer anti-HER2 adjuvante,NÃO oferecer anti-HER2 no CDIS (sem benefício em SG ou recidiva invasiva). Tratar conforme risco local: cirurgia com margens adequadas ± radioterapia; HT adjuvante se RH+.,Moderado,Fraca,,Sem benefício || NÃO oferecer terapia anti-HER2 para CDIS (sem benefício em SG ou redução de recidiva invasiva).,Adjuvante,"[1,2,7]",
135,Neoadjuvância,TNBC,Pós-neoadjuvância (Doença Residual) — Pacientes TNBC com mutação BRCA e doença residual,Decidir entre Capecitabina ou Olaparibe (evitar combinação não testada),Capecitabina 2000-2500 mg/m² VO D1-D14 q21d por 6-8 ciclos (reduzir para 2000 mg/m² em população ocidental) OU Olaparibe 300 mg VO 2x/dia por 1 ano (OlympiA). | NÃO associar capecitabina + olaparibe (combinação não testada). Combinações seguras: capecitabina + pembrolizumabe e olaparibe + pembrolizumabe.,Não classificado,Não classificado,,A diretriz NÃO define qual dos dois usar preferencialmente nem se em sequência; NÃO é seguro omitir a escolha entre eles. Combinações consideradas SEGURAS: capecitabina + pembrolizumabe e olaparibe + pembrolizumabe; a combinação capecitabina + olaparibe não foi testada (evitar).,Neoadjuvante,"[1,2,7,11,15]",pos_neoadj_tnbc_residual
136,Adjuvância,Geral,Estilo de Vida — Durante tratamento adjuvante,"Não recomendar dietas específicas (jejum, cetogênica, low-fat, etc.)",,Muito baixo,Fraca,,Sem dados suficientes,Adjuvante,"[1,2,7,13]","adj_upfront_tnbc,adj_upfront_her2,adj_upfront_rhpos"
138,Adjuvância,RH+/HER2-,Seleção de Pacientes — Tumores RH-positivo HER2-negativo com LFN positivo (1+ LFN com macrometástase > 2 mm),"Indicar quimioterapia adjuvante, exceto em pós-menopausa com 1-3 LFN e risco genômico baixo","Regime: antracíclico + taxano — AC (Doxorrubicina 60 + Ciclofosfamida 600 mg/m²) q21d ou dose-densa q14d com G-CSF, 4 ciclos → Paclitaxel 80 mg/m² semanal (12 semanas) ou Docetaxel 75-100 mg/m² q3sem (4 ciclos). Alternativa sem antraciclina: TC (Docetaxel 75 + Ciclofosfamida 600 mg/m² q3sem, 4 ciclos). | Exceção (RxPonder): pós-menopausa com 1-3 LFN e RS≤25 pode omitir QT.",Alto,Forte,RxPonder,Pós-menopausa com RS≤25 pode omitir QT,Adjuvante,"[1,2,7,17]",adj_upfront_rhpos
139,Adjuvância,RH+/HER2-,Seleção de Pacientes — Pacientes pós-menopausa com até 3 LFN positivos e risco genômico baixo,Considerar tratamento sem QT adjuvante,Omitir QT: hormonioterapia adjuvante isolada conforme subtipo. | RxPonder: pós-menopausa com 1-3 LFN e risco genômico baixo (RS≤25) sem benefício de QT.,Alto,Forte,RxPonder,,Adjuvante,"[1,2,7,17]",adj_upfront_rhpos
140,Adjuvância,RH+/HER2-,"Hormonioterapia — Pós-menopausa, RH+, em uso de IA há 5 anos",Não estender IA para 10 anos (vs 7 anos),Sem benefício em SLD e mais fraturas,Alto,Forte,ABCSG-16/SALSA,"ABCSG-16 e SALSA referem-se ao MESMO estudo (ABCSG-16/Salsa, Gnant et al., 2021): pós-menopausa com 5 anos de HT concluídos, randomizadas para 2 vs 5 anos adicionais de IA. | Resultado: SEM diferença em SLD; aumento de fraturas ósseas no braço com 5 anos adicionais. | Conclusão: duração de 7 anos (5+2) de IA é adequada; estender a 10 anos não traz benefício e aumenta fraturas.",Adjuvante,"[1,2,7,8,19]",adj_upfront_rhpos
141,Adjuvância,RH+/HER2-,Painéis Genômicos (Mammaprint) — Pacientes com baixo risco clínico pelos critérios do Mindact,Não realizar o exame (baixo risco clínico MINDACT; ótimo prognóstico),"Não realizar Mammaprint em baixo risco clínico (ótimo prognóstico, MINDACT): QT não é indicada independentemente do resultado.",Alto,Forte,MINDACT,,Adjuvante,"[1,2,7,9]",adj_upfront_rhpos
142,Adjuvância,RH+/HER2-,Painéis Genômicos (Oncotype Dx) — Recurrence Score (RS) < 11,Não oferecer QT; indicar exclusivamente hormonioterapia adjuvante,Somente hormonioterapia adjuvante (ex.: Tamoxifeno 20 mg/dia se pré-menopausa ou IA se pós-menopausa). Sem QT (TAILORx).,Alto,Forte,TAILORx,,Adjuvante,"[1,2,7,9,17,21]",adj_upfront_rhpos
143,Adjuvância,RH+/HER2-,Painéis Genômicos (Oncotype Dx) — RS entre 11-15 com menos de 50 anos,Não oferecer QT; indicar exclusivamente hormonioterapia adjuvante,Somente hormonioterapia adjuvante. | O benefício da QT nesse grupo é parcialmente explicado pela supressão ovariana induzida pela QT.,Alto,Forte,TAILORx,O benefício da QT nesse grupo é parcialmente explicado pela supressão ovariana induzida pela QT.,Adjuvante,"[1,2,7,9,17]",adj_upfront_rhpos
144,Adjuvância,RH+/HER2-,Painéis Genômicos (Oncotype Dx) — RS ≤ 25 com mais de 50 anos,Não oferecer QT; indicar exclusivamente hormonioterapia adjuvante,Somente hormonioterapia adjuvante (IA se pós-menopausa). Sem QT (TAILORx).,Alto,Forte,TAILORx,,Adjuvante,"[1,2,7,9,17]",adj_upfront_rhpos
145,Adjuvância,RH+/HER2-,"Painéis Genômicos (Oncotype Dx) — Pós-menopausa, 1-3 LFN axilares positivos, RS ≤ 25",Não utilizar QT (sem benefício demonstrado),Omitir QT; somente hormonioterapia adjuvante (RxPonder).,Alto,Forte,RxPonder,,Adjuvante,"[1,2,7,9,17]",adj_upfront_rhpos
146,Adjuvância,RH+/HER2-,Painéis Genômicos (Mammaprint) — Mulheres jovens (<50 anos) com alto risco clínico e baixo risco genômico,"Não empregar o teste isoladamente na decisão, pois QT pode trazer benefício de 5% em SLD","Não usar o teste isoladamente: em mulheres <50 anos com alto risco clínico e baixo risco genômico, QT pode trazer benefício de ~5% em SLD. Discutir QT adjuvante.",Alto,Forte,MINDACT (análise exploratória),"Em mulheres <50 anos com alto risco clínico e baixo risco genômico, o teste não deve ser usado isoladamente; QT pode trazer benefício de 5% em SLD.",Adjuvante,"[1,2,7,9,17]",adj_upfront_rhpos
147,Adjuvância,RH+/HER2-,Hormonioterapia — Perimenopausa,"Iniciar com Tamoxifeno por 2-3 anos; se confirmada menopausa, trocar para IA por mais 2-3 anos (total 5 anos)","Tamoxifeno 20 mg/dia por 2-3 anos; se menopausa confirmada (bioquímica), trocar para IA (Letrozol 2,5 mg, Anastrozol 1 mg ou Exemestano 25 mg/dia) por mais 2-3 anos (total 5 anos).",Moderado,Forte,,,Adjuvante,"[1,2,8,19]",adj_upfront_rhpos
148,Neoadjuvância,Geral,"Tumores triplo-negativos, HER2 positivo ou localmente avançados",Considerar PET/CT FDG,PET/CT FDG,Moderado,Forte,,Considerar custo e acesso,Neoadjuvante,"[1,2,9]","neoadj_candidata_tnbc,neoadj_candidata_her2,neoadj_candidata_rhpos"
150,Adjuvância,RH+/HER2-,"Hormonioterapia — Pós-menopausa, para estimar risco de recorrência tardia (5-10 anos)",Utilizar ferramenta CTS5,"CTS5 estima risco de recorrência tardia (5-10 anos) em pós-menopausa, auxiliando na decisão de estender a hormonioterapia além de 5 anos.",Moderado,Forte,Dowsett et al.,,Adjuvante,"[1,2,9]",adj_upfront_rhpos
151,Metastático,Geral,Estadiamento — Exames inconclusivos ou doença óssea exclusiva,Realizar PET/CT em casos selecionados,,Moderado,Forte,,,Metastática,"[1,2,9]","meta_1l_rhpos,meta_1l_her2,meta_1l_tnbc"
152,Metastático,Geral,Biomarcadores — RH+/HER2- metastático,"Pesquisar mutações somáticas PIK3CA, AKT e PTEN",,Alto,Forte,CAPItello-291/SOLAR-1,"CAPItello-291 (fase III, 2ª linha, n=708; capivasertibe 400 mg VO 12/12h 4d on/3d off + fulvestranto vs placebo+fulvestranto): população com alteração PIK3CA/AKT1/PTEN → SLP 7,3 vs 3,1 meses (HR 0,50; p<0,001) — justifica pesquisar TODA a via (PIK3CA, AKT1 e PTEN). | SOLAR-1 (fase III, 2ª linha pós-IA; alpelisibe 300 mg/dia + fulvestranto vs placebo): coorte com mutação PIK3CA → SLP 11,0 vs 5,7 meses (HR 0,65; p<0,001), sem ganho formal de SG. | Diferença: CAPItello-291 avalia capivasertibe (inibidor de AKT) e exige alteração na via (PIK3CA/AKT1/PTEN); SOLAR-1 avalia alpelisibe (inibidor de PIK3CA) e exige apenas PIK3CA. Painel deve cobrir PIK3CA + AKT1 + PTEN.",Metastática,"[1,2,9,16]","meta_1l_rhpos,meta_progressao_rhpos,meta_linhas_tardias"
153,Metastático,Geral,Biomarcadores — Triplo-negativo (TNBC),Avaliar expressão de PD-L1 (22C3 CPS),,Alto,Forte,KEYNOTE-355,Para indicar pembrolizumabe,Metastática,"[1,2,9,16]","meta_1l_tnbc,meta_progressao_tnbc"
155,Metastático,Geral,Biomarcadores — Mutações germinativas,Pesquisar BRCA1/2 e PALB2,,Alto,Forte,OlympiAD/EMBRACA,"OlympiAD (olaparibe 300 mg 2x/dia vs QT à escolha; n=302, gBRCA, HER2-, até 2 linhas): SLP 7,0 vs 4,2 meses (HR 0,58); ORR 59,9 vs 28,8%; SEM ganho de SG (HR 0,90). | EMBRACA (talazoparibe 1 mg/dia vs QT à escolha; n=431, gBRCA1/2): SLP 8,6 vs 5,6 meses (HR 0,54); ORR 62,6 vs 27,2%; SEM ganho de SG em 44,9 meses. | Diferença: fármacos e estudos distintos (olaparibe/OlympiAD; talazoparibe/EMBRACA), população sobreponível (gBRCA mBC, HER2-, prévia 1-2 linhas ou 1ª linha TNBC/HR+ com escolha por QT) — magnitude de ganho semelhante; nenhum mostrou SG.",Metastática,"[1,2,9,16]","meta_1l_rhpos,meta_1l_tnbc,meta_progressao_rhpos,meta_progressao_tnbc"
156,Adjuvância,RH+/HER2-,"Painéis Genômicos (Oncotype Dx) — Idade ≤ 50 anos, RS entre 16-20","Discutir QT adjuvante (benefício aproximado de 1,6%)","Discutir QT adjuvante: benefício absoluto de ~1,6% em SLD. | Parte do benefício vem da supressão ovariana induzida pela QT (TAILORx).",Moderado,Forte,TAILORx (análise exploratória),"Em mulheres ≤ 50 anos com RS entre 16-20, o benefício absoluto da QT é de ~1,6%. O benefício é parcialmente explicado pela supressão ovariana induzida pela QT. Discutir com a paciente.",Adjuvante,"[1,2,9,17]",adj_upfront_rhpos
157,Adjuvância,RH+/HER2-,"Painéis Genômicos (Oncotype Dx) — Idade ≤ 50 anos, RS entre 21-25","Discutir QT adjuvante (benefício aproximado de 6,5%)","Discutir QT adjuvante: benefício absoluto de ~6,5% em SLD. | Parte do benefício vem da supressão ovariana induzida pela QT (TAILORx).",Moderado,Forte,TAILORx (análise exploratória),"Em mulheres ≤ 50 anos com RS entre 21-25, o benefício absoluto da QT é de ~6,5%. O benefício é parcialmente explicado pela supressão ovariana induzida pela QT. Discutir com a paciente.",Adjuvante,"[1,2,9,17]",adj_upfront_rhpos
158,Adjuvância,RH+/HER2-,Painéis Genômicos (Oncotype Dx) — RS acima de 25,Indicar QT adjuvante,"RS>25 (TAILORx): QT claramente indicada. Regime: antracíclico + taxano — AC (Doxo 60 + Ciclo 600 mg/m²) dose-densa q14d com G-CSF, 4 ciclos → Paclitaxel 80 mg/m² semanal (12 semanas) ou Docetaxel 100 mg/m² q3sem (4 ciclos); TC (Docetaxel 75 + Ciclo 600 mg/m²) se contraindicação a antraciclina.",Alto,Forte,TAILORx,,Adjuvante,"[1,2,9,17]",adj_upfront_rhpos
159,Adjuvância,RH+/HER2-,"Painéis Genômicos (Oncotype Dx) — Pré-menopausa, 1-3 LFN axilares positivos, RS ≤ 25","Considerar QT adjuvante (benefício absoluto em SLDi de 5,2%)","Considerar QT adjuvante: benefício absoluto em SLDi de ~5,2% (RxPonder). | Em pré-menopausa, parte do benefício pode vir da supressão ovariana induzida.",Alto,Forte,RxPonder,,Adjuvante,"[1,2,9,17]",adj_upfront_rhpos
160,Adjuvância,RH+/HER2-,"Painéis Genômicos (Mammaprint) — Pós-menopausa, RH positivo, alto risco clínico, HER2 negativo e N0",Utilizar o teste como indicação preferencial; alto risco genômico corrobora QT e baixo risco permite omitir,Realizar Mammaprint: alto risco genômico corrobora QT adjuvante; baixo risco genômico permite omitir QT (MINDACT).,Alto,Forte,MINDACT,,Adjuvante,"[1,2,9,17]",adj_upfront_rhpos
161,Adjuvância,RH+/HER2-,Painéis Genômicos (Mammaprint) — Até 3 LFN comprometidos,"Realizar o teste, mas orientar que o benefício da QT não é completamente excluído, principalmente se ≥ 2 LFN comprometidos","Realizar Mammaprint; o baixo risco genômico NÃO exclui completamente o benefício da QT, principalmente se ≥2 LFN comprometidos (MINDACT).",Alto,Forte,MINDACT,,Adjuvante,"[1,2,9,17]",adj_upfront_rhpos
162,Diagnóstico/Estadiamento,Geral,Pré-menopausa durante QT (neo)adjuvante,Oferecer análogos do GnRH (GnRHa) para reduzir risco de insuficiência ovariana prematura,"GnRHa: Triptorrelina 3,75 mg IM mensal ou Goserrelina 3,6 mg SC mensal durante a QT (iniciar antes/durante, em pré-menopausa). | NÃO substitui criopreservação de oócitos/embriões.",Moderado,Forte,POEMS/PROMISE-GIM6,"POEMS/SWOG S0230 (goserelina durante QT; n=257, RH-): falência ovariana aos 2 anos 8% vs 22% (OR 0,30); gestações 21% vs 11%; melhorou também DFS e OS. | PROMISE-GIM6 (triptorrelina durante QT; n=281, <45 anos): retorno de menstruação/estradiol pré-menopausa 77% vs 58% (p=0,006). | Lambertini 2018 (metanálise de dados individuais, inclui os dois): GnRHa reduz falência ovariana prematura. | Diferença: POEMS com goserelina em RH- (mostrou ainda ganho de sobrevida); PROMISE com triptorrelina em qualquer RH (desfecho só função ovariana). Ambos sustentam oferecer GnRHa; não substituem criopreservação.",Estadiamento,"[1,6,8]","neoadj_candidata_tnbc,neoadj_candidata_her2,neoadj_candidata_rhpos,adj_upfront_tnbc,adj_upfront_her2,adj_upfront_rhpos"
163,Diagnóstico/Estadiamento,Geral,Pacientes sem desejo reprodutivo,Oferecer GnRHa para reduzir menopausa precoce,"GnRHa: Triptorrelina 3,75 mg IM mensal ou Goserrelina 3,6 mg SC mensal, para reduzir menopausa precoce em pré-menopausas sem desejo reprodutivo durante a QT.",Moderado,Forte,,,Estadiamento,"[1,6,8]","neoadj_candidata_tnbc,neoadj_candidata_her2,neoadj_candidata_rhpos,adj_upfront_tnbc,adj_upfront_her2,adj_upfront_rhpos"
164,Diagnóstico/Estadiamento,Geral,"Antes de usar antraciclinas, trastuzumabe, pertuzumabe ou T-DM1",Avaliar função cardíaca (ecocardiograma doppler ou cintilografia),Ecocardiograma ou cintilografia,Alto,Forte,,"Obrigatório antes de antraciclinas, Trastuzumabe, Pertuzumabe ou T-DM1. Monitorar FEVE nos meses 0, 3, 6, 9 e 12 durante o tratamento com anti-HER2. Pausar o trastuzumabe por 4 semanas se houver queda >16% do valor basal ou se a FEVE cair 10-15% abaixo do limite inferior da normalidade.",Estadiamento,"[1,6,9]","diag_estadiamento,neoadj_candidata_tnbc,neoadj_candidata_her2,neoadj_candidata_rhpos,adj_upfront_tnbc,adj_upfront_her2,adj_upfront_rhpos,pos_neoadj_her2_pcr,pos_neoadj_her2_residual"
165,Diagnóstico/Estadiamento,Geral,Doença inicial,Não testar PD-L1 (não influencia decisões terapêuticas),,Alto,Forte,,,Estadiamento,"[1,7,9]",diag_estadiamento
166,Rastreamento,Geral,Mulheres com 75 anos ou mais,Realizar avaliação individualizada considerando saúde geral e expectativa de vida,,Não se aplica,Não se aplica,,,Estadiamento,"[1,8,11]",
167,Diagnóstico/Estadiamento,Geral,"Jovens com mamas densas, tumores lobulares, multicêntricos, ocultos, neoadjuvância ou discrepância clínica/imagem",Considerar RM de mamas,RM de mamas,Moderado,Forte,,,Estadiamento,"[1,8,11]",diag_estadiamento
168,Adjuvância,Geral,Seguimento — Critérios de risco,Encaminhar para aconselhamento genético,"Diagnóstico ≤50a, TN, história familiar, mama masculina, múltiplos primários, indicação de PARP",Moderado,Forte,,,Adjuvante,"[1,8,13]","diag_estadiamento,seguimento_curto_prazo,seguimento_longo_prazo"
169,Rastreamento,Geral,Mulheres de 40 a 74 anos,Realizar rastreamento mamográfico anual (preferencialmente digital),Mamografia bilateral,Alto,Forte,"Marmot et al., Br J Cancer 2013; Duffy et al., Cancer 2020","Marmot (Independent UK Panel, Br J Cancer 2013 — revisão/metanálise dos ECR de rastreamento, faixas etárias 40-74): redução de mortalidade por câncer de mama ~20% nos ECR; balanço favorável em mulheres de 40-74 anos. | Duffy et al. (Cancer 2020 — dados do Reino Unido): quantifica redução de mortalidade e reforça o início anual a partir dos 40 anos; no Brasil, dados mais recentes mostram maior redução (35,2-41,7%) quando o rastreamento anual inicia aos 40. | Diferença: Marmot fornece a base metanalítica dos ECR; Duffy dá a estimativa de magnitude em programas que começam aos 40 — juntos embasam o rastreamento anual de 40-74 anos.",Estadiamento,"[1,8,14]",
170,Diagnóstico/Estadiamento,Geral,Todos os casos,Identificar fatores de risco para câncer hereditário e encaminhar para aconselhamento genético,Aconselhamento genético,Moderado,Forte,,Critérios detalhados na diretriz,Estadiamento,"[1,8,9]",diag_estadiamento
171,Neoadjuvância,Geral,Pacientes com risco aumentado ou candidatas a olaparibe adjuvante,Oferecer aconselhamento genético (teste BRCA),Teste BRCA,Alto,Forte,,"Critérios: idade <50 anos, TNBC, bilateral, história familiar, ascendência Ashkenazi",Neoadjuvante,"[1,8,9]","neoadj_candidata_tnbc,neoadj_candidata_her2,neoadj_candidata_rhpos,adj_upfront_tnbc,adj_upfront_her2,adj_upfront_rhpos,pos_neoadj_tnbc_residual,adj_residual_tnbc_brca"
172,Diagnóstico/Estadiamento,Geral,Resultado HER2 indeterminado (2+),"Realizar hibridização in situ (FISH, CISH, SISH)",FISH/CISH/SISH,Moderado,Forte,,,Estadiamento,"[1,9,11]",diag_estadiamento
173,Diagnóstico/Estadiamento,Geral,Casos de negatividade para RH e HER2 na biópsia,Reavaliar IHQ na peça cirúrgica,Reavaliação IHQ na peça cirúrgica,Baixo,Forte,,,Estadiamento,"[1,9,11]",diag_estadiamento
174,Diagnóstico/Estadiamento,Geral,Casos selecionados de RE+ baixo grau/lobular,Considerar PET/CT-FES (papel não estabelecido),PET/CT-FES,Baixo,Fraca,,,Estadiamento,"[1,9,11]",diag_estadiamento
175,Diagnóstico/Estadiamento,Geral,FISH para HER2 indeterminado,Considerar a categoria HER2 negativo,,Não se aplica,Não se aplica,,,Estadiamento,"[1,9,11]",diag_estadiamento
176,Diagnóstico/Estadiamento,Geral,Avaliação axilar,"Utilizar USG para avaliação axilar, podendo guiar punção por agulha fina ou core biopsy",USG axilar + punção se necessário,Moderado,Forte,,,Estadiamento,"[1,9,14]",diag_estadiamento
177,Diagnóstico/Estadiamento,Geral,Avaliação inicial de axilas,"Realizar USG de axilas; se linfonodo suspeito, punção por agulha fina ou core biopsy guiada",USG axilar + punção,Moderado,Forte,,,Estadiamento,"[1,9,14]",diag_estadiamento
178,Diagnóstico/Estadiamento,Geral,Dor óssea ou FALC elevada,Considerar cintilografia óssea ou PET/CT,Cintilografia óssea ou PET/CT,Moderado,Forte,,,Estadiamento,"[1,9,18]",diag_estadiamento
180,Metastático,HER2+,1ª linha (informativo) — Virgens de tratamento sistêmico para doença avançada (DESTINY-Breast09),Considerar T-DXd + Pertuzumabe (opção em avaliação; NÃO aprovado para 1ª linha no Brasil),"T-DXd 5,4 mg/kg EV q3sem + Pertuzumabe (ataque 840 mg, manutenção 420 mg)",Alto,Forte,DESTINY-Breast09,"DB09 (fase III, virgens de tratamento): T-DXd + pertuzumabe vs HP + taxano - SLP 40,7 vs 26,9 meses (HR 0,56; IC 95% 0,44-0,71); SG imaturo; braço T-DXd monoterapia ainda não reportado. SEM aprovação pela Anvisa no momento da diretriz (não consta nas recomendações formais); 1ª linha formal continua sendo T-DXd isolado para recidiva precoce ou HP + taxano nos demais casos.",Metastática,"[1,2,3,5,10,12,20]",meta_1l_her2
181,Metastático,TNBC,1ª linha (informativo) — TNBC metastático não candidata a imunoterapia (PD-L1 negativo ou não elegível),Oferecer Sacituzumabe govitecana em monoterapia (NÃO aprovado para 1ª linha no Brasil),Sacituzumabe 10 mg/kg EV D1 e D8 q21d,Alto,Forte,ASCENT-03,"ASCENT-03 (fase III): sacituzumabe vs QT à escolha do investigador em 1ª linha - SLP 9,7 vs 6,9 meses (HR 0,62); maior duração de resposta. Sem aprovação regulatória para 1ª linha no Brasil no momento da diretriz (não consta no fluxograma); informativo. Regime de 1ª linha formal: imuno se CPS>=10 ou QT/Dato-DXd.",Metastática,"[1,2,3,5,20]",meta_1l_tnbc
182,Metastático,TNBC,1ª linha (informativo) — TNBC metastático PD-L1 positivo (candidata a imunoterapia),Oferecer Sacituzumabe govitecana + Pembrolizumabe (NÃO aprovado no Brasil),Sacituzumabe + Pembrolizumabe (em estudo; ASCENT-04/KEYNOTE-D19),Alto,Forte,ASCENT-04 (KEYNOTE-D19),"ASCENT-04 (KEYNOTE-D19): sacituzumabe + pembrolizumabe vs imuno + QT (padrão) - SLP 11,2 vs 7,8 meses (HR 0,65) em TNBC PD-L1 positivo 1ª linha. Sem aprovação regulatória no momento da diretriz; não consta no fluxograma; informativo.",Metastática,"[1,2,3,5,16,20]",meta_1l_tnbc
183,Metastático,RH+/HER2-,1ª linha — Alternativa,Oferecer Fulvestranto + Ribociclibe (alternativa a IA + iCDK4/6 em 1ª linha),"Fulvestranto 500 mg IM D1, D15 e D29, depois 500 mg IM D1 a cada 28 dias + Ribociclibe 600 mg VO D1-D21/q28d.",Alto,Forte,MONALEESA-3,"Guarda-chuva: 1ª linha — alternativa a IA + iCDK4/6; PARSIFAL mostrou equivalência entre fulvestranto e IA quando combinados a iCDK4/6. | MONALEESA-3 (ribociclibe + fulvestranto, pós-menopausa, 1ª e 2ª linha): SG 53,7 vs 41,5 meses (HR 0,73) em 56 meses.",Metastática,"[1,2,3,4,5,20,21]",meta_1l_rhpos
184,Metastático,RH+/HER2-,1ª linha — Alternativa,Oferecer Fulvestranto + Abemaciclibe (alternativa a IA + iCDK4/6 em 1ª linha),"Fulvestranto 500 mg IM D1, D15 e D29, depois 500 mg IM D1 a cada 28 dias + Abemaciclibe 150 mg VO 2x/dia contínuo.",Alto,Forte,MONARCH-2,"Guarda-chuva: 1ª linha — alternativa a IA + iCDK4/6; PARSIFAL mostrou equivalência entre fulvestranto e IA quando combinados a iCDK4/6. | MONARCH-2 (abemaciclibe + fulvestranto, progressão a IA): SG 46,7 vs 37,3 meses (HR 0,757; p=0,0137) em 47,7 meses.",Metastática,"[1,2,3,4,5,20,21]",meta_1l_rhpos
185,Metastático,RH+/HER2-,1ª linha — Pós-menopausa ou sem restrição,Oferecer IA + Palbociclibe (1ª linha),"IA (Letrozol 2,5 mg/dia, Anastrozol 1 mg/dia ou Exemestano 25 mg/dia) + Palbociclibe 125 mg VO D1-D21/q28d.",Alto,Forte,PALOMA-2,"Guarda-chuva: IA + iCDK4/6 em 1ª linha (pós-menopausa ou sem restrição). | PALOMA-2: ganho de SLP (24,8 vs 14,5 meses; HR 0,58), SEM ganho de SG. | SONIA (2024): adiar o iCDK4/6 para 2ª linha não prejudica SLP2 nem SG, reduzindo exposição e toxicidade; considerar individualizar em casos indolentes/não-viscerais.",Metastática,"[1,2,3,4,5,6,7,12,20,21]",meta_1l_rhpos
186,Metastático,RH+/HER2-,1ª linha — Pós-menopausa ou sem restrição,Oferecer IA + Ribociclibe (1ª linha),"IA (Letrozol 2,5 mg/dia, Anastrozol 1 mg/dia ou Exemestano 25 mg/dia) + Ribociclibe 600 mg VO D1-D21/q28d.",Alto,Forte,MONALEESA-2,"Guarda-chuva: IA + iCDK4/6 em 1ª linha (pós-menopausa ou sem restrição). | MONALEESA-2: SG 63,9 vs 51,4 meses (HR 0,76). | SONIA (2024): adiar o iCDK4/6 para 2ª linha não prejudica SLP2 nem SG, reduzindo exposição e toxicidade; considerar individualizar em casos indolentes/não-viscerais.",Metastática,"[1,2,3,4,5,6,7,12,20,21]",meta_1l_rhpos
187,Metastático,RH+/HER2-,1ª linha — Pós-menopausa ou sem restrição,Oferecer IA + Abemaciclibe (1ª linha),"IA (Letrozol 2,5 mg/dia, Anastrozol 1 mg/dia ou Exemestano 25 mg/dia) + Abemaciclibe 150 mg VO 2x/dia contínuo.",Alto,Forte,MONARCH-3,"Guarda-chuva: IA + iCDK4/6 em 1ª linha (pós-menopausa ou sem restrição). | MONARCH-3: SG 66,8 vs 53,7 meses (HR 0,804; p=0,0664) — sem significância estatística para SG; ganho em SLP. | SONIA (2024): adiar o iCDK4/6 para 2ª linha não prejudica SLP2 nem SG, reduzindo exposição e toxicidade; considerar individualizar em casos indolentes/não-viscerais.",Metastática,"[1,2,3,4,5,6,7,12,20,21]",meta_1l_rhpos
188,Metastático,HER2+,Manutenção — HER2+/RH+ (após resposta máxima à QT),Oferecer Trastuzumabe + Pertuzumabe + Hormonioterapia (manutenção HER2+/RH+),Trastuzumabe (ataque 8 mg/kg EV + manutenção 6 mg/kg q3sem) + Pertuzumabe (ataque 840 mg + manutenção 420 mg q3sem) + IA ou Tamoxifeno.,Alto,Forte,PERTAIN,"Guarda-chuva: após resposta máxima à QT, anti-HER2 + HT é preferencial sobre HT isolada. | PERTAIN (fase II, 1ª linha HER2+/RH+): HP + IA vs T + IA → SLP 18,9 vs 15,8 meses (HR 0,65; p=0,007).",Metastática,"[1,2,3,5,20]",meta_linhas_tardias
189,Metastático,HER2+,Manutenção — HER2+/RH+ (após resposta máxima à QT),Oferecer Trastuzumabe + Lapatinibe + Hormonioterapia (manutenção HER2+/RH+),Trastuzumabe (ataque 8 mg/kg EV + manutenção 6 mg/kg q3sem) + Lapatinibe 1000 mg/dia VO + IA ou Tamoxifeno.,Alto,Forte,ALTERNATIVE,"Guarda-chuva: após resposta máxima à QT, anti-HER2 + HT é preferencial sobre HT isolada. | ALTERNATIVE (fase III, HER2+/RH+): T + Lapatinibe + IA vs T + IA → SLP 11,0 vs 8,3 meses (HR 0,57; p=0,0064).",Metastática,"[1,2,3,5,20]",meta_linhas_tardias
190,Metastático,HER2+,1ª linha — Sem exposição prévia OU recidiva >6m da adjuvância,Oferecer Trastuzumabe + Pertuzumabe + Docetaxel (1ª linha),Trastuzumabe (8 mg/kg ataque → 6 mg/kg q3sem) + Pertuzumabe (840 mg ataque → 420 mg q3sem) + Docetaxel 75-100 mg/m² q3sem por ≥6 ciclos; manter HP até progressão.,Alto,Forte,CLEOPATRA,"Guarda-chuva: padrão-ouro HP + Taxano (docetaxel); alternativa de taxano no PERUSE. | CLEOPATRA: SLP 18,5 vs 12,4 meses (HR 0,62; p<0,001) e SG 56,5 vs 40,8 meses (HR 0,68; p=0,0002); 37% vivas aos 8 anos; docetaxel ≥6 ciclos em respondedoras (redução de dose 25% conforme toxicidade; continuar QT além de 6 ciclos não aumenta SG). | ATENÇÃO: DESTINY-Breast09 (T-DXd + Pertuzumabe) superior, mas sem aprovação Anvisa para 1ª linha.",Metastática,"[1,2,3,5,6,10,12,20,21]",meta_1l_her2
191,Metastático,HER2+,1ª linha — Sem exposição prévia OU recidiva >6m da adjuvância,Oferecer Trastuzumabe + Pertuzumabe + Paclitaxel ou Nab-Paclitaxel (1ª linha),Trastuzumabe (8→6 mg/kg q3sem) + Pertuzumabe (840→420 mg q3sem) + Paclitaxel 80 mg/m² semanal ou Nab-Paclitaxel 125 mg/m² semanal; manter HP até progressão.,Alto,Forte,PERUSE,"Guarda-chuva: padrão-ouro HP + Taxano (docetaxel, CLEOPATRA); paclitaxel/nab-paclitaxel são alternativas equivalentes. | PERUSE (fase IIIb, n=1.436): HP + docetaxel, paclitaxel ou nab-paclitaxel sem diferença de eficácia; docetaxel mais tóxico (neutropenia, diarreia, neuropatia).",Metastática,"[1,2,3,5,6,10,12,20,21]",meta_1l_her2
192,Adjuvância,RH+/HER2-,"Quimioterapia — 1ª linha — RH+/HER2-, baixo risco (≤2 cm, N0)",Oferecer TC (baixo risco RH+/HER2-),TC: Docetaxel 75 mg/m² EV + Ciclofosfamida 600 mg/m² EV q21d ×4.,Não classificado,Não classificado,USON 9735,"Guarda-chuva: TC, AC ou CMF como opções de QT adjuvante em baixo risco (≤2 cm, N0). | USON 9735 (fase III, estádios I/II): TC vs AC → TC superior em DFS 7 anos (81 vs 79%; HR 0,67; p=0,033) e OS (87 vs 82%; HR 0,68).",Adjuvante,"[1,2,5]",adj_upfront_rhpos
193,Adjuvância,RH+/HER2-,"Quimioterapia — 1ª linha — RH+/HER2-, baixo risco (≤2 cm, N0)",Oferecer AC ou CMF (baixo risco RH+/HER2-),"AC: Doxorrubicina 60 mg/m² + Ciclofosfamida 600 mg/m² q21d ×4. | CMF clássico: Ciclofosfamida 100 mg/m² VO D1-14 + Metotrexato 40 mg/m² EV D1/D8 + 5-FU 600 mg/m² EV D1/D8, q28d ×6.",Não classificado,Não classificado,NSABP B-15,"Guarda-chuva: TC, AC ou CMF como opções de QT adjuvante em baixo risco (≤2 cm, N0). | NSABP B-15 (fase III, N+): AC q21d ×4 equivalente a CMF clássico ×6 (base da QT com antraciclina).",Adjuvante,"[1,2,5]",adj_upfront_rhpos
194,Adjuvância,RH+/HER2-,"Cuidados de Suporte — Pós-menopausa com RH+ em HT, ou pré-menopausa com supressão ovariana",Considerar ácido zoledrônico adjuvante (pós-menopausa ou supressão ovariana),"Ácido zoledrônico 4 mg EV semestral ou anual por 3-5 anos, como parte da terapia adjuvante endócrina em pós-menopausa (definitiva ou induzida).",Alto,Forte,EBCTCG,"Guarda-chuva: zoledrônico OU denosumabe como adjuvantes ósseos; acompanhar com DMO anual/bianual. | EBCTCG (metanálise, ~18.766 pacientes): zoledrônico (e clodronato) reduzem fraturas, recorrência óssea e mortalidade por câncer de mama, APENAS em pós-menopausa (definitiva ou induzida). | Monitoramento: cálcio sérico e função renal antes de cada dose (contraindicado TFG<30); avaliação odontológica prévia (osteonecrose ~1%); reação gripal 24-48h; suplementar cálcio 500 mg/dia + vit D 400-800 UI/dia.",Adjuvante,"[1,2,5,6]","adj_upfront_rhpos,pos_neoadj_rhpos_pcr,pos_neoadj_rhpos_residual"
195,Adjuvância,RH+/HER2-,"Cuidados de Suporte — Pós-menopausa com RH+ em HT, ou pré-menopausa com supressão ovariana",Considerar denosumabe adjuvante (pós-menopausa ou supressão ovariana),"Denosumabe 60 mg SC semestral por 5 anos, como parte da terapia adjuvante endócrina em pós-menopausa (definitiva ou induzida).",Alto,Forte,ABCSG-18,"Guarda-chuva: zoledrônico OU denosumabe como adjuvantes ósseos; acompanhar com DMO anual/bianual. | ABCSG-18 (fase III): denosumabe 60 mg SC semestral por 5 anos → redução de fraturas (~50% de RR), sem impacto em sobrevida. | Monitoramento: hipocalcemia, função renal, avaliação odontológica prévia (osteonecrose ~1%); suplementar cálcio 500 mg/dia + vit D 400-800 UI/dia.",Adjuvante,"[1,2,5,6]","adj_upfront_rhpos,pos_neoadj_rhpos_pcr,pos_neoadj_rhpos_residual"
196,Metastático,RH+/HER2-,Linhas avançadas — Mutações germinativas BRCA1/2,"Oferecer Olaparibe (mutações germinativas BRCA1/2, RH+/HER2-)",Olaparibe 300 mg VO 2x/dia contínuo.,Alto,Forte,OlympiAD,"Guarda-chuva: iPARP (olaparibe ou talazoparibe) em linhas avançadas de RH+/HER2- com mutação germinativa BRCA1/2. | OlympiAD (HER2-, pós ≤2 linhas): SLP 7 vs 4,2 meses (HR 0,58); ORR 59,9 vs 28,8%; SG sem diferença (HR 0,90; p=0,513). | Olaparibe também ativo em mutação germinativa PALB2 e somática BRCA1/2 (TBCRC 048).",Metastática,"[1,2,3,5,9,16,20]",meta_linhas_tardias
197,Metastático,RH+/HER2-,Linhas avançadas — Mutações germinativas BRCA1/2,"Oferecer Talazoparibe (mutações germinativas BRCA1/2, RH+/HER2-)",Talazoparibe 1 mg VO 1x/dia contínuo.,Alto,Forte,EMBRACA,"Guarda-chuva: iPARP (olaparibe ou talazoparibe) em linhas avançadas de RH+/HER2- com mutação germinativa BRCA1/2. | EMBRACA: SLP 8,6 vs 5,6 meses (HR 0,54); ORR 62,6 vs 27,2%; sem ganho de SG em 44,9 meses.",Metastática,"[1,2,3,5,9,16,20]",meta_linhas_tardias
198,Metastático,TNBC,1ª linha — PD-L1 <10 + Mutações BRCA1/2,"Oferecer Olaparibe (TNBC 1ª linha, mutação germinativa BRCA1/2)",Olaparibe 300 mg VO 2x/dia contínuo.,Alto,Forte,OlympiAD,"Guarda-chuva: iPARP (olaparibe ou talazoparibe) como 1ª linha em TNBC metastático com mutação germinativa BRCA1/2 (PD-L1<10). | OlympiAD: SLP 7 vs 4,2 meses (HR 0,58); ORR 59,9 vs 28,8%; ganho em SLP sem ganho formal de SG.",Metastática,"[1,2,3,5,9,16,20]",meta_1l_tnbc
199,Metastático,TNBC,1ª linha — PD-L1 <10 + Mutações BRCA1/2,"Oferecer Talazoparibe (TNBC 1ª linha, mutação germinativa BRCA1/2)",Talazoparibe 1 mg VO 1x/dia contínuo.,Alto,Forte,EMBRACA,"Guarda-chuva: iPARP (olaparibe ou talazoparibe) como 1ª linha em TNBC metastático com mutação germinativa BRCA1/2 (PD-L1<10). | EMBRACA: SLP 8,6 vs 5,6 meses (HR 0,54); ORR 62,6 vs 27,2%; ganho em SLP sem ganho formal de SG.",Metastática,"[1,2,3,5,9,16,20]",meta_1l_tnbc
200,Metastático,TNBC,2ª linha — Mutação germinativa BRCA1/2 (pós 1ª linha),"Oferecer Olaparibe (TNBC 2ª linha, mutação germinativa BRCA1/2)",Olaparibe 300 mg VO 2x/dia contínuo.,Alto,Forte,OlympiAD,"Guarda-chuva: fluxograma TNBC 2ª linha — mutação germinativa BRCA1/2 → iPARP (NE ALTO/FR FORTE). | OlympiAD: SLP 7 vs 4,2 meses (HR 0,58); sem ganho formal de SG.",Metastática,"[1,2,3,5,9,16,20]",meta_progressao_tnbc
201,Metastático,TNBC,2ª linha — Mutação germinativa BRCA1/2 (pós 1ª linha),"Oferecer Talazoparibe (TNBC 2ª linha, mutação germinativa BRCA1/2)",Talazoparibe 1 mg VO 1x/dia contínuo.,Alto,Forte,EMBRACA,"Guarda-chuva: fluxograma TNBC 2ª linha — mutação germinativa BRCA1/2 → iPARP (NE ALTO/FR FORTE). | EMBRACA: SLP 8,6 vs 5,6 meses (HR 0,54); sem ganho formal de SG.",Metastática,"[1,2,3,5,9,16,20]",meta_progressao_tnbc
202,Diagnóstico/Estadiamento,Geral,Todos os casos,Utilizar Oncotype Dx para decisão adjuvante,"Oncotype Dx (21 genes): aplicar em RH+/HER2-, N0 ou 1-3 LFN; RS define indicação de QT (cut-offs TAILORx/RxPonder).",Alto,Forte,TAILORx,Guarda-chuva: perfis de expressão gênica validados (Oncotype Dx ou Mammaprint) para decisão adjuvante. | TAILORx: valida o Oncotype Dx (RS).,Estadiamento,"[1,9]",adj_upfront_rhpos
203,Diagnóstico/Estadiamento,Geral,Todos os casos,Utilizar Mammaprint para decisão adjuvante,Mammaprint (70 genes): aplicar em RH+/HER2-; combina risco clínico e genômico (MINDACT).,Alto,Forte,MINDACT,Guarda-chuva: perfis de expressão gênica validados (Oncotype Dx ou Mammaprint) para decisão adjuvante. | MINDACT: valida o Mammaprint.,Estadiamento,"[1,9]",adj_upfront_rhpos
204,Neoadjuvância,Geral,"Exceção — Pacientes pós-menopausa com RH+/HER2-, T1/T2 e pN0 ou pN1 (até 2 LNs)",Evitar QT neoadjuvante automática para permitir omissão baseada em genômica (Oncotype Dx),Aguardar resultado de Oncotype Dx (RxPonder): pós-menopausa com 1-3 LFN e RS≤25 pode omitir QT.,Alto,Forte,RxPonder,"Guarda-chuva: em pós-menopausa RH+/HER2-, T1/T2 e pN0/pN1 (≤2 LNs), evitar QT neoadjuvante automática para não privar a paciente da omissão de QT por genômica (RxPonder/MINDACT). | RxPonder: pós-menopausa com 1-3 LFN e RS≤25 sem benefício de QT.",Neoadjuvante,"[1,2,7,17,21]",neoadj_candidata_rhpos
205,Neoadjuvância,Geral,"Exceção — Pacientes pós-menopausa com RH+/HER2-, T1/T2 e pN0 ou pN1 (até 2 LNs)",Evitar QT neoadjuvante automática para permitir omissão baseada em genômica (Mammaprint),Aguardar resultado de Mammaprint (MINDACT): baixo risco genômico + baixo risco clínico permite omitir QT.,Alto,Forte,MINDACT,"Guarda-chuva: em pós-menopausa RH+/HER2-, T1/T2 e pN0/pN1 (≤2 LNs), evitar QT neoadjuvante automática para não privar a paciente da omissão de QT por genômica (RxPonder/MINDACT). | MINDACT: baixo risco genômico + baixo risco clínico → omitir QT.",Neoadjuvante,"[1,2,7,17,21]",neoadj_candidata_rhpos
206,Adjuvância,RH+/HER2-,Painéis Genômicos — Pacientes com RH positivo e HER2 negativo,Utilizar Oncotype Dx em RH+/HER2- para decisão de QT adjuvante,"Oncotype Dx (21 genes) apenas em RH+/HER2- (não usar em HER2+ ou RH-); RS define indicação de QT (RS<11 sem QT; RS>25 QT; RS 11-25 discutir conforme idade/menopausa, TAILORx/RxPonder).",Alto,Forte,TAILORx,Guarda-chuva: testes genômicos (Oncotype Dx ou Mammaprint) para decisão de QT adjuvante em RH+/HER2-. | Não usar em HER2+ ou RH-.,Adjuvante,"[1,2,9]",adj_upfront_rhpos
207,Adjuvância,RH+/HER2-,Painéis Genômicos — Pacientes com RH positivo e HER2 negativo,Utilizar Mammaprint em RH+/HER2- para decisão de QT adjuvante,Mammaprint (70 genes) apenas em RH+/HER2- (não usar em HER2+ ou RH-); baixo risco genômico + baixo risco clínico permite omitir QT.,Alto,Forte,MINDACT,Guarda-chuva: testes genômicos (Oncotype Dx ou Mammaprint) para decisão de QT adjuvante em RH+/HER2-. | Não usar em HER2+ ou RH-.,Adjuvante,"[1,2,9]",adj_upfront_rhpos
208,Metastático,TNBC,"3ª linha em diante — MSI-H, NTRK, RET, TMB-H","Oferecer Pembrolizumabe (3ª linha em diante, MSI-H ou TMB-H)",Pembrolizumabe 200 mg EV q3sem.,Moderado,Forte,KEYNOTE-158,"Guarda-chuva: 3ª linha em diante com biomarcadores positivos (MSI-H, NTRK, RET, TMB-H) → terapia alvo guiada por biomarcador (pembrolizumabe, larotrectinibe, etc.). | KEYNOTE-158: valida pembrolizumabe em MSI-H/TMB-H.",Metastática,"[1,2,3,9,20]",meta_linhas_tardias
209,Metastático,TNBC,"3ª linha em diante — MSI-H, NTRK, RET, TMB-H","Oferecer Larotrectinibe (3ª linha em diante, fusão NTRK)",Larotrectinibe 100 mg VO 2x/dia contínuo.,Moderado,Forte,Drilon et al.,"Guarda-chuva: 3ª linha em diante com biomarcadores positivos (MSI-H, NTRK, RET, TMB-H) → terapia alvo guiada por biomarcador (pembrolizumabe, larotrectinibe, etc.). | Drilon et al.: valida larotrectinibe em fusão NTRK.",Metastática,"[1,2,3,9,20]",meta_linhas_tardias
210,Metastático,Geral,Biomarcadores — RH+ e TNBC,Pesquisar status HER2 low e ultra low (tumores RE+),IHQ HER2 (incluindo IHQ 0 com coloração de membrana) para identificar HER2-low (1+ ou 2+/ISH-) e HER2-ultralow (IHQ 0 com coloração de membrana) em tumores RE+.,Alto,Forte,DESTINY-Breast06 / DESTINY-Breast04,"Guarda-chuva: pesquisa de HER2-low/ultralow para indicar T-DXd. | DESTINY-Breast06 (pós-HT, SEM QT prévia metastática, RE+): HER2-low ou ultralow (IHQ 0 com coloração de membrana) → SLP HER2-low 13,2 vs 8,1 meses (HR 0,62; p<0,0001); ultralow consistente (ORR 61,8 vs 26,3%). | DESTINY-Breast04 (pós-QT, RE+ 88,7% + TNBC exploratório): HER2-low (1+ ou 2+/ISH-) → SLP 10,1 vs 5,4 (HR 0,51); SG 23,9 vs 17,5 meses (HR 0,64). | Diferença: DB06 avalia o espectro low/ultralow mais cedo (após HT, antes da QT); DB04 avalia apenas low pós-QT. Unir as duas definições (1+/2+ ISH- E IHQ 0 com membrana) ao pesquisar, sobretudo em RE+.",Metastática,"[1,2,9,16]","meta_1l_rhpos,meta_1l_tnbc,meta_progressao_rhpos,meta_progressao_tnbc"
211,Metastático,Geral,Biomarcadores — RH+ e TNBC,Pesquisar status HER2 low (tumores triplo-negativos),IHQ HER2 (1+ ou 2+/ISH-) para identificar HER2-low em TNBC metastático (base para T-DXd).,Alto,Forte,DESTINY-Breast04 (subgrupo TNBC),"Guarda-chuva: pesquisa de HER2-low para indicar T-DXd. | DB04: subgrupo TNBC HER2-low (IHC 1+ ou 2+ ISH-) — resultado exploratório (88,7% do estudo era RH+).",Metastática,"[1,2,9,16]","meta_1l_rhpos,meta_1l_tnbc,meta_progressao_rhpos,meta_progressao_tnbc"
