Pagina,DOI,Titulo,Autores,Revista,Ano,Vol,N,Paginas,PMID,PMCID,OpenAccess,TemAbstract,Status,Nota
PERSEPHONE,10.1001/jamaoncol.2018.1380,Effect of Adjuvant Trastuzumab for a Duration of 9 Weeks vs 1 Year With Concomitant Chemotherapy for Early Human Epidermal Growth Factor Receptor 2-Positive Breast Cancer: The SOLD Randomized Clinical Trial.,"Joensuu H, Fraser J, Wildiers H, Huovinen R, Auvinen P, Utriainen M, Nyandoto P, Villman KK, Halonen P, Granstam-Björneklett H, Lundgren L, Sailas L, Turpeenniemi-Hujanen T, Tanner M, Yachnin J, Ritchie D, Johansson O, Huttunen T, Neven P, Canney P, Harvey VJ, Kellokumpu-Lehtinen PL, Lindman H.",JAMA oncology,2018,4,9,1199-1206,29852043,PMC6143012,N,S,OK,
MONARCH 2,10.1001/jamaoncol.2019.4782,"The Effect of Abemaciclib Plus Fulvestrant on Overall Survival in Hormone Receptor-Positive, ERBB2-Negative Breast Cancer That Progressed on Endocrine Therapy-MONARCH 2: A Randomized Clinical Trial.","Sledge GW, Toi M, Neven P, Sohn J, Inoue K, Pivot X, Burdaeva O, Okera M, Masuda N, Kaufman PA, Koh H, Grischke EM, Conte P, Lu Y, Barriga S, Hurt K, Frenzel M, Johnston S, Llombart-Cussac A.",JAMA oncology,2020,6,1,116-124,31563959,PMC6777264,Y,S,OK,
PALOMA-2,10.1001/jamaoncol.2021.4301,"Fulvestrant-Palbociclib vs Letrozole-Palbociclib as Initial Therapy for Endocrine-Sensitive, Hormone Receptor-Positive, ERBB2-Negative Advanced Breast Cancer: A Randomized Clinical Trial.","Llombart-Cussac A, Pérez-García JM, Bellet M, Dalenc F, Gil-Gil M, Ruíz-Borrego M, Gavilá J, Sampayo-Cordero M, Aguirre E, Schmid P, Marmé F, Di Cosimo S, Gligorov J, Schneeweiss A, Albanell J, Zamora P, Wheatley D, Martínez-de Dueñas E, Amillano K, Malfettone A, Cortés J, PARSIFAL Steering Committee and Trial Investigators.",JAMA oncology,2021,7,12,1791-1799,34617955,PMC8498933,N,S,OK,
MONALEESA-7,10.1002/cpt.1008,Endogenous Metabolites-Mediated Communication Between OAT1/OAT3 and OATP1B1 May Explain the Association Between SLCO1B1 SNPs and Methotrexate Toxicity.,"Martinez D, Muhrez K, Woillard JB, Berthelot A, Gyan E, Choquet S, Andrès CR, Marquet P, Barin-Le Guellec C.",Clinical pharmacology and therapeutics,2018,104,4,687-698,29285751,,N,S,OK,
MINDACT,10.1007/s10549-010-0814-2,The predictive value of the 70-gene signature for adjuvant chemotherapy in early breast cancer.,"Knauer M, Mook S, Rutgers EJ, Bender RA, Hauptmann M, van de Vijver MJ, Koornstra RH, Bueno-de-Mesquita JM, Linn SC, van 't Veer LJ.",Breast cancer research and treatment,2010,120,3,655-661,20204499,,N,S,OK,
"Diretrizes de Imagem Inicial (NICE, Mann e Arnaout)",10.1007/s10549-023-07011-0,"Neoadjuvant carboplatin in triple-negative breast cancer: results from NACATRINE, a randomized phase II clinical trial.","de Pádua Souza C, Carneiro ASB, de Oliveira Lessa AC, Lacerda DC, Paiva CE, Zorzetto MMC, de Freitas AJA, Santana IVV, de Oliveira MA, Palmero EI, Marques MMC, Reinert T.",Breast cancer research and treatment,2023,202,1,57-65,37578666,PMC10504209,Y,S,OK,
NACATRINE,10.1007/s10549-023-07011-0,"Neoadjuvant carboplatin in triple-negative breast cancer: results from NACATRINE, a randomized phase II clinical trial.","de Pádua Souza C, Carneiro ASB, de Oliveira Lessa AC, Lacerda DC, Paiva CE, Zorzetto MMC, de Freitas AJA, Santana IVV, de Oliveira MA, Palmero EI, Marques MMC, Reinert T.",Breast cancer research and treatment,2023,202,1,57-65,37578666,PMC10504209,Y,S,OK,
BOLERO-2,10.1007/s12325-013-0060-1,Everolimus plus exemestane in postmenopausal patients with HR(+) breast cancer: BOLERO-2 final progression-free survival analysis.,"Yardley DA, Noguchi S, Pritchard KI, Burris HA, Baselga J, Gnant M, Hortobagyi GN, Campone M, Pistilli B, Piccart M, Melichar B, Petrakova K, Arena FP, Erdkamp F, Harb WA, Feng W, Cahana A, Taran T, Lebwohl D, Rugo HS.",Advances in therapy,2013,30,10,870-884,24158787,PMC3898123,Y,S,OK,
SOLAR-1,10.1016/j.annonc.2020.11.011,"Alpelisib plus fulvestrant for PIK3CA-mutated, hormone receptor-positive, human epidermal growth factor receptor-2-negative advanced breast cancer: final overall survival results from SOLAR-1.","André F, Ciruelos EM, Juric D, Loibl S, Campone M, Mayer IA, Rubovszky G, Yamashita T, Kaufman B, Lu YS, Inoue K, Pápai Z, Takahashi M, Ghaznawi F, Mills D, Kaper M, Miller M, Conte PF, Iwata H, Rugo HS.",Annals of oncology : official journal of the European Society for Medical Oncology,2021,32,2,208-217,33246021,,N,S,OK,
MONALEESA-3,10.1016/j.annonc.2021.05.353,"Ribociclib plus fulvestrant for postmenopausal women with hormone receptor-positive, human epidermal growth factor receptor 2-negative advanced breast cancer in the phase III randomized MONALEESA-3 trial: updated overall survival.","Slamon DJ, Neven P, Chia S, Jerusalem G, De Laurentiis M, Im S, Petrakova K, Valeria Bianchi G, Martín M, Nusch A, Sonke GS, De la Cruz-Merino L, Beck JT, Ji Y, Wang C, Deore U, Chakravartty A, Zarate JP, Taran T, Fasching PA.",Annals of oncology : official journal of the European Society for Medical Oncology,2021,32,8,1015-1024,34102253,,N,S,OK,
monarchE,10.1016/j.annonc.2021.09.015,Adjuvant abemaciclib combined with endocrine therapy for high-risk early breast cancer: updated efficacy and Ki-67 analysis from the monarchE study.,"Harbeck N, Rastogi P, Martin M, Tolaney SM, Shao ZM, Fasching PA, Huang CS, Jaliffe GG, Tryakin A, Goetz MP, Rugo HS, Senkus E, Testa L, Andersson M, Tamura K, Del Mastro L, Steger GG, Kreipe H, Hegg R, Sohn J, Guarneri V, Cortés J, Hamilton E, André V, Wei R, Barriga S, Sherwood S, Forrester T, Munoz M, Shahir A, San Antonio B, Nabinger SC, Toi M, Johnston SRD, O'Shaughnessy J, monarchE Committee Members.",Annals of oncology : official journal of the European Society for Medical Oncology,2021,32,12,1571-1581,34656740,,N,S,OK,
HER2CLIMB-05,10.1016/j.annonc.2021.12.005,Tucatinib versus placebo added to trastuzumab and capecitabine for patients with pretreated HER2+ metastatic breast cancer with and without brain metastases (HER2CLIMB): final overall survival analysis.,"Curigliano G, Mueller V, Borges V, Hamilton E, Hurvitz S, Loi S, Murthy R, Okines A, Paplomata E, Cameron D, Carey LA, Gelmon K, Hortobagyi GN, Krop I, Loibl S, Pegram M, Slamon D, Ramos J, Feng W, Winer E.",Annals of oncology : official journal of the European Society for Medical Oncology,2022,33,3,321-329,34954044,,N,S,OK,
OlympiAD,10.1016/j.annonc.2022.09.159,"Overall survival in the OlympiA phase III trial of adjuvant olaparib in patients with germline pathogenic variants in BRCA1/2 and high-risk, early breast cancer.","Geyer CE, Garber JE, Gelber RD, Yothers G, Taboada M, Ross L, Rastogi P, Cui K, Arahmani A, Aktan G, Armstrong AC, Arnedos M, Balmaña J, Bergh J, Bliss J, Delaloge S, Domchek SM, Eisen A, Elsafy F, Fein LE, Fielding A, Ford JM, Friedman S, Gelmon KA, Gianni L, Gnant M, Hollingsworth SJ, Im SA, Jager A, Jóhannsson ÓÞ, Lakhani SR, Janni W, Linderholm B, Liu TW, Loman N, Korde L, Loibl S, Lucas PC, Marmé F, Martinez de Dueñas E, McConnell R, Phillips KA, Piccart M, Rossi G, Schmutzler R, Senkus E, Shao Z, Sharma P, Singer CF, Španić T, Stickeler E, Toi M, Traina TA, Viale G, Zoppoli G, Park YH, Yerushalmi R, Yang H, Pang D, Jung KH, Mailliez A, Fan Z, Tennevet I, Zhang J, Nagy T, Sonke GS, Sun Q, Parton M, Colleoni MA, Schmidt M, Brufsky AM, Razaq W, Kaufman B, Cameron D, Campbell C, Tutt ANJ, OlympiA Clinical Trial Steering Committee and Investigators.",Annals of oncology : official journal of the European Society for Medical Oncology,2022,33,12,1250-1268,36228963,PMC10207856,N,S,OK,
RIGHT Choice,10.1016/j.annonc.2024.10.015,A phase III trial of adjuvant ribociclib plus endocrine therapy versus endocrine therapy alone in patients with HR-positive/HER2-negative early breast cancer: final invasive disease-free survival results from the NATALEE trial.,"Hortobagyi GN, Lacko A, Sohn J, Cruz F, Ruiz Borrego M, Manikhas A, Hee Park Y, Stroyakovskiy D, Yardley DA, Huang CS, Fasching PA, Crown J, Bardia A, Chia S, Im SA, Martin M, Loi S, Xu B, Hurvitz S, Barrios C, Untch M, Moroose R, Visco F, Parnizari F, Zarate JP, Li Z, Waters S, Chakravartty A, Slamon D.",Annals of oncology : official journal of the European Society for Medical Oncology,2025,36,2,149-157,39442617,,N,S,OK,
TROPION-Breast01,10.1016/j.annonc.2025.09.031,"LBA21 First-line (1L) datopotamab deruxtecan (Dato-DXd) vs chemotherapy in patients with locally recurrent inoperable or metastatic triple-negative breast cancer (mTNBC) for whom immunotherapy was not an option: Primary results from the randomised, phase III TROPION-Breast02 trial",,"Annals of Oncology (Abstract LBA21, ESMO 2025)",2025,,,S1566-S1567,,,,S,OK,LBA ESMO 2025 (sem PMID); resumo extraido da pagina do publisher (NCT05374512). Ver tambem publicacao completa TROPION-Breast02 PMID 41937088 (Ann Oncol 2026).
DESTINY-Breast11,10.1016/j.annonc.2025.10.007,"Rucaparib maintenance for newly diagnosed advanced ovarian cancer: interim overall survival, progression-free survival, and safety at 5 years of follow-up from the phase III ATHENA-MONO/GOG-3020/ENGOT-ov45 study.","Kristeleit RS, Ghamande S, Lisyanskaya A, Oaknin A, Prendergast E, Kim YB, Fuentes Pradera J, Littell RD, Gao B, Valabrega G, O'Malley DM, Dean A, Pisano C, Buscema J, Provencher D, Zagouri F, Martin LP, Chou HH, Demirkiran F, Ueland F, Chudecka-Głaz A, Yeku O, Beiner M, Anderson C, Drochytek V, Eskander RN, Agarwal R, Maloney L, Despain D, Connor C, Craib M, Shih D, Fujiwara K, Monk BJ.",Annals of oncology : official journal of the European Society for Medical Oncology,2026,37,2,217-228,41115469,,N,S,OK,
monarchE,10.1016/j.annonc.2025.12.001,"Erratum to 'Pooled analysis of trastuzumab deruxtecan retreatment after recovery from grade 1 interstitial lung disease/pneumonitis': [Annals of Oncology. Volume 36, Issue 11, November 2025, Pages 1389-1399].","Rugo HS, Tokunaga E, Iwata H, Petry V, Smit EF, Goto Y, Kim DW, Shitara K, Gruden JF, Modi S, Cortés J, Krop I, Jänne PA, Cheng Y, Taitt C, Cheng FC, Powell CA.",Annals of oncology : official journal of the European Society for Medical Oncology,2026,,,S0923-7534(25)06291-X,41506947,,N,N,DOI INCORRETO,DOI INCORRETO no wiki monarchE.md: resolve para um Erratum (PMID 41506947). DOI correto do OS da monarchE: 10.1016/j.annonc.2025.10.005 (PMID 41110697).
EMBER-3,10.1016/j.annonc.2025.12.004,"The PARP inhibitor/immunotherapy paradox in advanced ovarian cancer: positive endpoints, perplexing interpretations.","Ledermann JA, Coleman RL.",Annals of oncology : official journal of the European Society for Medical Oncology,2026,37,4,435-438,41386294,,N,N,DOI INCORRETO,DOI INCORRETO no wiki EMBER-3.md: resolve para editorial sobre cancer de ovario (PMID 41386294). DOI correto EMBER-3 updated efficacy: 10.1016/j.annonc.2025.11.018 (PMID 41391667).
nextMONARCH,10.1016/j.clbc.2021.01.008,Influential Factors on Risk-reduction Mastectomy in a High-risk Breast Cancer Population With Genetic Predispositions.,"Wei G, Kumar A, Lee MC, Wang X.",Clinical breast cancer,2021,21,4,e427-e433,33712364,,N,S,OK,
APHINITY,10.1016/j.esmoop.2025.105112,LBA1 Adjuvant pertuzumab or placebo + trastuzumab + chemotherapy (P or Pla + T + CT) in patients (pts) with early HER2-positive operable breast cancer in APHINITY: Final analysis at 11.3 years’ median follow-up,Loibl S.; Piccart M.; Clark E.; Viale G.; Caballero C.; Henry C.; Tomasello G.; Fein L.E.; Gnant M.I.; Kuemmel S.; Plummer C.; Im S-A.; Yang Y-S.; Takano T.; De la Haba Rodriguez J.; McConnell R.; de Azambuja E.; Procter M.; Bines J.; Gelber R.D.,ESMO Open,2025,10,,,,,,S,OK,"LBA1 ESMO Breast Cancer 2025 (sem PMID); resumo completo Background/Methods/Results extraido da pagina esmoopen.com (NCT01358877, follow-up de 11.3 anos)."
EBCTCG (Atlas 2005),10.1016/s0140-6736(05)66544-0,Effects of chemotherapy and hormonal therapy for early breast cancer on recurrence and 15-year survival: an overview of the randomised trials.,Early Breast Cancer Trialists' Collaborative Group (EBCTCG).,"Lancet (London, England)",2005,365,9472,1687-1717,15894097,,N,S,OK,
NOAH,10.1016/s0140-6736(09)61964-4,"Neoadjuvant chemotherapy with trastuzumab followed by adjuvant trastuzumab versus neoadjuvant chemotherapy alone, in patients with HER2-positive locally advanced breast cancer (the NOAH trial): a randomised controlled superiority trial with a parallel HER2-negative cohort.","Gianni L, Eiermann W, Semiglazov V, Manikhas A, Lluch A, Tjulandin S, Zambetti M, Vazquez F, Byakhow M, Lichinitser M, Climent MA, Ciruelos E, Ojeda B, Mansutti M, Bozhok A, Baronio R, Feyereislova A, Barton C, Valagussa P, Baselga J.","Lancet (London, England)",2010,375,9712,377-384,20113825,,N,S,OK,
aTTom,10.1016/s0140-6736(12)61963-1,"Long-term effects of continuing adjuvant tamoxifen to 10 years versus stopping at 5 years after diagnosis of oestrogen receptor-positive breast cancer: ATLAS, a randomised trial.","Davies C, Pan H, Godwin J, Gray R, Arriagada R, Raina V, Abraham M, Medeiros Alencar VH, Badran A, Bonfill X, Bradbury J, Clarke M, Collins R, Davis SR, Delmestri A, Forbes JF, Haddad P, Hou MF, Inbar M, Khaled H, Kielanowska J, Kwan WH, Mathew BS, Mittra I, Müller B, Nicolucci A, Peralta O, Pernas F, Petruzelka L, Pienkowski T, Radhika R, Rajan B, Rubach MT, Tort S, Urrútia G, Valentini M, Wang Y, Peto R, Adjuvant Tamoxifen: Longer Against Shorter (ATLAS) Collaborative Group.","Lancet (London, England)",2013,381,9869,805-816,23219286,PMC3596060,Y,S,OK,
EBCTCG Meta-analysis (Dose-dense),10.1016/s0140-6736(14)62048-1,"Fluorouracil and dose-dense chemotherapy in adjuvant treatment of patients with early-stage breast cancer: an open-label, 2 × 2 factorial, randomised phase 3 trial.","Del Mastro L, De Placido S, Bruzzi P, De Laurentiis M, Boni C, Cavazzini G, Durando A, Turletti A, Nisticò C, Valle E, Garrone O, Puglisi F, Montemurro F, Barni S, Ardizzoni A, Gamucci T, Colantuoni G, Giuliano M, Gravina A, Papaldo P, Bighin C, Bisagni G, Forestieri V, Cognetti F, Gruppo Italiano Mammella (GIM) investigators.","Lancet (London, England)",2015,385,9980,1863-1872,25740286,,N,S,OK,
NSABP B-35,10.1016/s0140-6736(15)01168-x,"Anastrozole versus tamoxifen in postmenopausal women with ductal carcinoma in situ undergoing lumpectomy plus radiotherapy (NSABP B-35): a randomised, double-blind, phase 3 clinical trial.","Margolese RG, Cecchini RS, Julian TB, Ganz PA, Costantino JP, Vallow LA, Albain KS, Whitworth PW, Cianfrocca ME, Brufsky AM, Gross HM, Soori GS, Hopkins JO, Fehrenbacher L, Sturtz K, Wozniak TF, Seay TE, Mamounas EP, Wolmark N.","Lancet (London, England)",2016,387,10021,849-856,26686957,PMC4792688,N,S,OK,
EBCTCG Meta-analysis (Dose-dense),10.1016/s0140-6736(18)33137-4,Increasing the dose intensity of chemotherapy by more frequent administration or sequential scheduling: a patient-level meta-analysis of 37 298 women with early breast cancer in 26 randomised trials.,Early Breast Cancer Trialists' Collaborative Group (EBCTCG).,"Lancet (London, England)",2019,393,10179,1440-1452,30739743,PMC6451189,Y,S,OK,
PERSEPHONE,10.1016/s0140-6736(19)30650-6,6 versus 12 months of adjuvant trastuzumab for HER2-positive early breast cancer (PERSEPHONE): 4-year disease-free survival results of a randomised phase 3 non-inferiority trial.,"Earl HM, Hiller L, Vallier AL, Loi S, McAdam K, Hughes-Davies L, Harnett AN, Ah-See ML, Simcock R, Rea D, Raj S, Woodings P, Harries M, Howe D, Raynes K, Higgins HB, Wilcox M, Plummer C, Mansi J, Gounaris I, Mahler-Araujo B, Provenzano E, Chhabra A, Abraham JE, Caldas C, Hall PS, McCabe C, Hulme C, Miles D, Wardley AM, Cameron DA, Dunn JA, PERSEPHONE Steering Committee and Trial Investigators.","Lancet (London, England)",2019,393,10191,2599-2612,31178152,PMC6615016,Y,S,OK,
PHARE,10.1016/s0140-6736(19)30653-1,"6 months versus 12 months of adjuvant trastuzumab in early breast cancer (PHARE): final analysis of a multicentre, open-label, phase 3 randomised trial.","Pivot X, Romieu G, Debled M, Pierga JY, Kerbrat P, Bachelot T, Lortholary A, Espié M, Fumoleau P, Serin D, Jacquin JP, Jouannaud C, Rios M, Abadie-Lacourtoisie S, Venat-Bouvet L, Cany L, Catala S, Khayat D, Gambotti L, Pauporté I, Faure-Mercier C, Paget-Bailly S, Henriques J, Grouin JM, PHARE trial investigators.","Lancet (London, England)",2019,393,10191,2591-2598,31178155,,N,S,OK,
TROPiCS-02,10.1016/s0140-6736(23)01245-x,"Overall survival with sacituzumab govitecan in hormone receptor-positive and human epidermal growth factor receptor 2-negative metastatic breast cancer (TROPiCS-02): a randomised, open-label, multicentre, phase 3 trial.","Rugo HS, Bardia A, Marmé F, Cortés J, Schmid P, Loirat D, Trédan O, Ciruelos E, Dalenc F, Gómez Pardo P, Jhaveri KL, Delaney R, Valdez T, Wang H, Motwani M, Yoon OK, Verret W, Tolaney SM.","Lancet (London, England)",2023,402,10411,1423-1433,37633306,,N,S,OK,
NeoSphere,10.1016/s1470-2045(11)70336-9,"Efficacy and safety of neoadjuvant pertuzumab and trastuzumab in women with locally advanced, inflammatory, or early HER2-positive breast cancer (NeoSphere): a randomised multicentre, open-label, phase 2 trial.","Gianni L, Pienkowski T, Im YH, Roman L, Tseng LM, Liu MC, Lluch A, Staroslawska E, de la Haba-Rodriguez J, Im SA, Pedrini JL, Poirier B, Morandi P, Semiglazov V, Srimuninnimit V, Bianchi G, Szado T, Ratnayake J, Ross G, Valagussa P.",The Lancet. Oncology,2012,13,1,25-32,22153890,,N,S,OK,
TH3RESA,10.1016/s1470-2045(14)70178-0,"Trastuzumab emtansine versus treatment of physician's choice for pretreated HER2-positive advanced breast cancer (TH3RESA): a randomised, open-label, phase 3 trial.","Krop IE, Kim SB, González-Martín A, LoRusso PM, Ferrero JM, Smitt M, Yu R, Leung AC, Wildiers H, TH3RESA study collaborators.",The Lancet. Oncology,2014,15,7,689-699,24793816,,N,S,OK,
NeoSphere,10.1016/s1470-2045(16)00163-7,"5-year analysis of neoadjuvant pertuzumab and trastuzumab in patients with locally advanced, inflammatory, or early-stage HER2-positive breast cancer (NeoSphere): a multicentre, open-label, phase 2 randomised trial.","Gianni L, Pienkowski T, Im YH, Tseng LM, Liu MC, Lluch A, Starosławska E, de la Haba-Rodriguez J, Im SA, Pedrini JL, Poirier B, Morandi P, Semiglazov V, Srimuninnimit V, Bianchi GV, Magazzù D, McNally V, Douthwaite H, Ross G, Valagussa P.",The Lancet. Oncology,2016,17,6,791-800,27179402,,N,S,OK,
ExteNET,10.1016/s1470-2045(17)30717-9,"Neratinib after trastuzumab-based adjuvant therapy in HER2-positive breast cancer (ExteNET): 5-year analysis of a randomised, double-blind, placebo-controlled, phase 3 trial.","Martin M, Holmes FA, Ejlertsen B, Delaloge S, Moy B, Iwata H, von Minckwitz G, Chia SKL, Mansi J, Barrios CH, Gnant M, Tomašević Z, Denduluri N, Šeparović R, Gokmen E, Bashford A, Ruiz Borrego M, Kim SB, Jakobsen EH, Ciceniene A, Inoue K, Overkamp F, Heijns JB, Armstrong AC, Link JS, Joy AA, Bryce R, Wong A, Moran S, Yao B, Xu F, Auerbach A, Buyse M, Chan A, ExteNET Study Group.",The Lancet. Oncology,2017,18,12,1688-1700,29146401,,N,S,OK,
MONALEESA-7,10.1016/s1470-2045(18)30292-4,"Ribociclib plus endocrine therapy for premenopausal women with hormone-receptor-positive, advanced breast cancer (MONALEESA-7): a randomised phase 3 trial.","Tripathy D, Im SA, Colleoni M, Franke F, Bardia A, Harbeck N, Hurvitz SA, Chow L, Sohn J, Lee KS, Campos-Gomez S, Villanueva Vazquez R, Jung KH, Babu KG, Wheatley-Price P, De Laurentiis M, Im YH, Kuemmel S, El-Saghir N, Liu MC, Carlson G, Hughes G, Diaz-Padilla I, Germa C, Hirawat S, Lu YS.",The Lancet. Oncology,2018,19,7,904-915,29804902,,N,S,OK,
TRAIN-2,10.1016/s1470-2045(18)30570-9,"Neoadjuvant chemotherapy with or without anthracyclines in the presence of dual HER2 blockade for HER2-positive breast cancer (TRAIN-2): a multicentre, open-label, randomised, phase 3 trial.","van Ramshorst MS, van der Voort A, van Werkhoven ED, Mandjes IA, Kemper I, Dezentjé VO, Oving IM, Honkoop AH, Tick LW, van de Wouw AJ, Mandigers CM, van Warmerdam LJ, Wesseling J, Vrancken Peeters MT, Linn SC, Sonke GS, Dutch Breast Cancer Research Group (BOOG).",The Lancet. Oncology,2018,19,12,1630-1640,30413379,,N,S,OK,
MONARCH 3,10.1038/s41523-018-0097-z,MONARCH 3 final PFS: a randomized study of abemaciclib as initial therapy for advanced breast cancer.,"Johnston S, Martin M, Di Leo A, Im SA, Awada A, Forrester T, Frenzel M, Hardebeck MC, Cox J, Barriga S, Toi M, Iwata H, Goetz MP.",NPJ breast cancer,2019,5,,5,30675515,PMC6336880,Y,S,OK,
KATHERINE,10.1038/s41523-022-00477-z,Adjuvant trastuzumab emtansine in HER2-positive breast cancer patients with HER2-negative residual invasive disease in KATHERINE.,"Loibl S, Huang CS, Mano MS, Mamounas EP, Geyer CE, Untch M, Thery JC, Schwaner I, Limentani S, Loman N, Lübbe K, Chang JC, Hatschek T, Tesarowski D, Song C, Lysbet de Haas S, Boulet T, Lambertini C, Wolmark N.",NPJ breast cancer,2022,8,1,106,36117201,PMC9482917,Y,S,OK,
HERA,10.1038/s41586-024-08035-2,Early versus deferred use of CDK4/6 inhibitors in advanced breast cancer.,"Sonke GS, van Ommen-Nijhof A, Wortelboer N, van der Noort V, Swinkels ACP, Blommestein HM, Guerrero Paez C, Mol L, Beeker A, Beelen K, Hamming LC, Heijns JB, Honkoop AH, de Jong PC, van Rossum-Schornagel QC, van Schaik-van de Mheen C, Tol J, Tromp-van Driel CS, Vrijaldenhoven S, van Leeuwen-Stok AE, Konings IR, Jager A, SONIA Study Consortium.",Nature,2024,636,8042,474-480,39604725,,N,S,OK,
DESTINY-Breast03,10.1038/s41591-024-03021-7,Trastuzumab deruxtecan versus trastuzumab emtansine in HER2-positive metastatic breast cancer: long-term survival analysis of the DESTINY-Breast03 trial.,"Cortés J, Hurvitz SA, Im SA, Iwata H, Curigliano G, Kim SB, Chiu JWY, Pedrini JL, Li W, Yonemori K, Bianchini G, Loi S, Borges GS, Wang X, Bachelot T, Nakatani S, Ashfaque S, Liang Z, Egorov A, Hamilton E.",Nature medicine,2024,30,8,2208-2215,38825627,PMC11333275,Y,S,OK,
GLOBOCAN 2022,10.1038/s41591-024-03021-7,Trastuzumab deruxtecan versus trastuzumab emtansine in HER2-positive metastatic breast cancer: long-term survival analysis of the DESTINY-Breast03 trial.,"Cortés J, Hurvitz SA, Im SA, Iwata H, Curigliano G, Kim SB, Chiu JWY, Pedrini JL, Li W, Yonemori K, Bianchini G, Loi S, Borges GS, Wang X, Bachelot T, Nakatani S, Ashfaque S, Liang Z, Egorov A, Hamilton E.",Nature medicine,2024,30,8,2208-2215,38825627,PMC11333275,Y,S,OK,
GIM4,10.1056/nejmoa0910383,Adjuvant trastuzumab in HER2-positive breast cancer.,"Slamon D, Eiermann W, Robert N, Pienkowski T, Martin M, Press M, Mackey J, Glaspy J, Chan A, Pawlicki M, Pinter T, Valero V, Liu MC, Sauter G, von Minckwitz G, Visco F, Bee V, Buyse M, Bendahmane B, Tabah-Fisch I, Lindsay MA, Riva A, Crown J, Breast Cancer International Research Group.",The New England journal of medicine,2011,365,14,1273-1283,21991949,PMC3268553,N,S,OK,
Revisão Marmot (The Marmot Review),10.1056/nejmoa1113216,Pertuzumab plus trastuzumab plus docetaxel for metastatic breast cancer.,"Baselga J, Cortés J, Kim SB, Im SA, Hegg R, Im YH, Roman L, Pedrini JL, Pienkowski T, Knott A, Clark E, Benyunes MC, Ross G, Swain SM, CLEOPATRA Study Group.",The New England journal of medicine,2012,366,2,109-119,22149875,PMC5705202,N,S,OK,
SOFT e TEXT,10.1056/nejmoa1404037,Adjuvant exemestane with ovarian suppression in premenopausal breast cancer.,"Pagani O, Regan MM, Walley BA, Fleming GF, Colleoni M, Láng I, Gomez HL, Tondini C, Burstein HJ, Perez EA, Ciruelos E, Stearns V, Bonnefoi HR, Martino S, Geyer CE, Pinotti G, Puglisi F, Crivellari D, Ruhstaller T, Winer EP, Rabaglio-Poretti M, Maibach R, Ruepp B, Giobbie-Hurder A, Price KN, Bernhard J, Luo W, Ribi K, Viale G, Coates AS, Gelber RD, Goldhirsch A, Francis PA, TEXT and SOFT Investigators, International Breast Cancer Study Group.",The New England journal of medicine,2014,371,2,107-118,24881463,PMC4175521,N,S,OK,
APT,10.1056/nejmoa1406281,"Adjuvant paclitaxel and trastuzumab for node-negative, HER2-positive breast cancer.","Tolaney SM, Barry WT, Dang CT, Yardley DA, Moy B, Marcom PK, Albain KS, Rugo HS, Ellis M, Shapira I, Wolff AC, Carey LA, Overmoyer BA, Partridge AH, Guo H, Hudis CA, Krop IE, Burstein HJ, Winer EP.",The New England journal of medicine,2015,372,2,134-141,25564897,PMC4313867,N,S,OK,
MINDACT,10.1056/nejmoa1602253,70-Gene Signature as an Aid to Treatment Decisions in Early-Stage Breast Cancer.,"Cardoso F, van't Veer LJ, Bogaerts J, Slaets L, Viale G, Delaloge S, Pierga JY, Brain E, Causeret S, DeLorenzi M, Glas AM, Golfinopoulos V, Goulioti T, Knox S, Matos E, Meulemans B, Neijenhuis PA, Nitz U, Passalacqua R, Ravdin P, Rubio IT, Saghatchian M, Smilde TJ, Sotiriou C, Stork L, Straehle C, Thomas G, Thompson AM, van der Hoeven JM, Vuylsteke P, Bernards R, Tryfonidis K, Rutgers E, Piccart M, MINDACT Investigators.",The New England journal of medicine,2016,375,8,717-729,27557300,,N,S,OK,
Estudo CTS5,10.1056/nejmoa1607303,Palbociclib and Letrozole in Advanced Breast Cancer.,"Finn RS, Martin M, Rugo HS, Jones S, Im SA, Gelmon K, Harbeck N, Lipatov ON, Walshe JM, Moulder S, Gauthier E, Lu DR, Randolph S, Diéras V, Slamon DJ.",The New England journal of medicine,2016,375,20,1925-1936,27959613,,N,S,OK,
PALOMA-2,10.1056/nejmoa1607303,Palbociclib and Letrozole in Advanced Breast Cancer.,"Finn RS, Martin M, Rugo HS, Jones S, Im SA, Gelmon K, Harbeck N, Lipatov ON, Walshe JM, Moulder S, Gauthier E, Lu DR, Randolph S, Diéras V, Slamon DJ.",The New England journal of medicine,2016,375,20,1925-1936,27959613,,N,S,OK,
Create-X,10.1056/nejmoa1612645,Adjuvant Capecitabine for Breast Cancer after Preoperative Chemotherapy.,"Masuda N, Lee SJ, Ohtani S, Im YH, Lee ES, Yokota I, Kuroi K, Im SA, Park BW, Kim SB, Yanagita Y, Ohno S, Takao S, Aogi K, Iwata H, Jeong J, Kim A, Park KH, Sasano H, Ohashi Y, Toi M.",The New England journal of medicine,2017,376,22,2147-2159,28564564,,N,S,OK,
APHINITY,10.1056/nejmoa1703643,Adjuvant Pertuzumab and Trastuzumab in Early HER2-Positive Breast Cancer.,"von Minckwitz G, Procter M, de Azambuja E, Zardavas D, Benyunes M, Viale G, Suter T, Arahmani A, Rouchet N, Clark E, Knott A, Lang I, Levy C, Yardley DA, Bines J, Gelber RD, Piccart M, Baselga J, APHINITY Steering Committee and Investigators.",The New England journal of medicine,2017,377,2,122-131,28581356,PMC5538020,N,S,OK,
OlympiAD,10.1056/nejmoa1706450,Olaparib for Metastatic Breast Cancer in Patients with a Germline BRCA Mutation.,"Robson M, Im SA, Senkus E, Xu B, Domchek SM, Masuda N, Delaloge S, Li W, Tung N, Armstrong A, Wu W, Goessl C, Runswick S, Conte P.",The New England journal of medicine,2017,377,6,523-533,28578601,,N,S,OK,
EMBRACA,10.1056/nejmoa1802905,Talazoparib in Patients with Advanced Breast Cancer and a Germline BRCA Mutation.,"Litton JK, Rugo HS, Ettl J, Hurvitz SA, Gonçalves A, Lee KH, Fehrenbacher L, Yerushalmi R, Mina LA, Martin M, Roché H, Im YH, Quek RGW, Markova D, Tudor IC, Hannah AL, Eiermann W, Blum JL.",The New England journal of medicine,2018,379,8,753-763,30110579,PMC10600918,N,S,OK,
IMPASSION130,10.1056/nejmoa1809615,Atezolizumab and Nab-Paclitaxel in Advanced Triple-Negative Breast Cancer.,"Schmid P, Adams S, Rugo HS, Schneeweiss A, Barrios CH, Iwata H, Diéras V, Hegg R, Im SA, Shaw Wright G, Henschel V, Molinero L, Chui SY, Funke R, Husain A, Winer EP, Loi S, Emens LA, IMpassion130 Trial Investigators.",The New England journal of medicine,2018,379,22,2108-2121,30345906,,N,S,OK,
Paloma-3,10.1056/nejmoa1810527,Overall Survival with Palbociclib and Fulvestrant in Advanced Breast Cancer.,"Turner NC, Slamon DJ, Ro J, Bondarenko I, Im SA, Masuda N, Colleoni M, DeMichele A, Loi S, Verma S, Iwata H, Harbeck N, Loibl S, André F, Puyana Theall K, Huang X, Giorgetti C, Huang Bartlett C, Cristofanilli M.",The New England journal of medicine,2018,379,20,1926-1936,30345905,,N,S,OK,
KATHERINE,10.1056/nejmoa1814017,Trastuzumab Emtansine for Residual Invasive HER2-Positive Breast Cancer.,"von Minckwitz G, Huang CS, Mano MS, Loibl S, Mamounas EP, Untch M, Wolmark N, Rastogi P, Schneeweiss A, Redondo A, Fischer HH, Jacot W, Conlin AK, Arce-Salinas C, Wapnir IL, Jackisch C, DiGiovanna MP, Fasching PA, Crown JP, Wülfing P, Shao Z, Rota Caremoli E, Wu H, Lam LH, Tesarowski D, Smitt M, Douthwaite H, Singel SM, Geyer CE, KATHERINE Investigators.",The New England journal of medicine,2019,380,7,617-628,30516102,,N,S,OK,
TAILORx,10.1056/nejmoa1904819,Clinical and Genomic Risk to Guide the Use of Adjuvant Therapy for Breast Cancer.,"Sparano JA, Gray RJ, Ravdin PM, Makower DF, Pritchard KI, Albain KS, Hayes DF, Geyer CE, Dees EC, Goetz MP, Olson JA, Lively T, Badve SS, Saphner TJ, Wagner LI, Whelan TJ, Ellis MJ, Paik S, Wood WC, Keane MM, Gomez Moreno HL, Reddy PS, Goggins TF, Mayer IA, Brufsky AM, Toppmeyer DL, Kaklamani VG, Berenberg JL, Abrams J, Sledge GW.",The New England journal of medicine,2019,380,25,2395-2405,31157962,PMC6709671,N,S,OK,
KEYNOTE-522,10.1056/nejmoa1910549,Pembrolizumab for Early Triple-Negative Breast Cancer.,"Schmid P, Cortes J, Pusztai L, McArthur H, Kümmel S, Bergh J, Denkert C, Park YH, Hui R, Harbeck N, Takahashi M, Foukakis T, Fasching PA, Cardoso F, Untch M, Jia L, Karantza V, Zhao J, Aktan G, Dent R, O'Shaughnessy J, KEYNOTE-522 Investigators.",The New England journal of medicine,2020,382,9,810-821,32101663,,N,S,OK,
TROPiCS-02,10.1056/nejmoa2028485,Sacituzumab Govitecan in Metastatic Triple-Negative Breast Cancer.,"Bardia A, Hurvitz SA, Tolaney SM, Loirat D, Punie K, Oliveira M, Brufsky A, Sardesai SD, Kalinsky K, Zelnak AB, Weaver R, Traina T, Dalenc F, Aftimos P, Lynce F, Diab S, Cortés J, O'Shaughnessy J, Diéras V, Ferrario C, Schmid P, Carey LA, Gianni L, Piccart MJ, Loibl S, Goldenberg DM, Hong Q, Olivo MS, Itri LM, Rugo HS, ASCENT Clinical Trial Investigators.",The New England journal of medicine,2021,384,16,1529-1541,33882206,,N,S,OK,
AMAZONA III (Registro GBECAM 0115),10.1056/nejmoa2105215,Adjuvant Olaparib for Patients with BRCA1- or BRCA2-Mutated Breast Cancer.,"Tutt ANJ, Garber JE, Kaufman B, Viale G, Fumagalli D, Rastogi P, Gelber RD, de Azambuja E, Fielding A, Balmaña J, Domchek SM, Gelmon KA, Hollingsworth SJ, Korde LA, Linderholm B, Bandos H, Senkus E, Suga JM, Shao Z, Pippas AW, Nowecki Z, Huzarski T, Ganz PA, Lucas PC, Baker N, Loibl S, McConnell R, Piccart M, Schmutzler R, Steger GG, Costantino JP, Arahmani A, Wolmark N, McFadden E, Karantza V, Lakhani SR, Yothers G, Campbell C, Geyer CE, OlympiA Clinical Trial Steering Committee and Investigators.",The New England journal of medicine,2021,384,25,2394-2405,34081848,PMC9126186,N,S,OK,
OlympiAD,10.1056/nejmoa2105215,Adjuvant Olaparib for Patients with BRCA1- or BRCA2-Mutated Breast Cancer.,"Tutt ANJ, Garber JE, Kaufman B, Viale G, Fumagalli D, Rastogi P, Gelber RD, de Azambuja E, Fielding A, Balmaña J, Domchek SM, Gelmon KA, Hollingsworth SJ, Korde LA, Linderholm B, Bandos H, Senkus E, Suga JM, Shao Z, Pippas AW, Nowecki Z, Huzarski T, Ganz PA, Lucas PC, Baker N, Loibl S, McConnell R, Piccart M, Schmutzler R, Steger GG, Costantino JP, Arahmani A, Wolmark N, McFadden E, Karantza V, Lakhani SR, Yothers G, Campbell C, Geyer CE, OlympiA Clinical Trial Steering Committee and Investigators.",The New England journal of medicine,2021,384,25,2394-2405,34081848,PMC9126186,N,S,OK,
RxPONDER (SWOG S1007),10.1056/nejmoa2108873,21-Gene Assay to Inform Chemotherapy Benefit in Node-Positive Breast Cancer.,"Kalinsky K, Barlow WE, Gralow JR, Meric-Bernstam F, Albain KS, Hayes DF, Lin NU, Perez EA, Goldstein LJ, Chia SKL, Dhesy-Thind S, Rastogi P, Alba E, Delaloge S, Martin M, Kelly CM, Ruiz-Borrego M, Gil-Gil M, Arce-Salinas CH, Brain EGC, Lee ES, Pierga JY, Bermejo B, Ramos-Vazquez M, Jung KH, Ferrero JM, Schott AF, Shak S, Sharma P, Lew DL, Miao J, Tripathy D, Pusztai L, Hortobagyi GN.",The New England journal of medicine,2021,385,25,2336-2347,34914339,PMC9096864,N,S,OK,
MONALEESA-2,10.1056/nejmoa2114663,Overall Survival with Ribociclib plus Letrozole in Advanced Breast Cancer.,"Hortobagyi GN, Stemmer SM, Burris HA, Yap YS, Sonke GS, Hart L, Campone M, Petrakova K, Winer EP, Janni W, Conte P, Cameron DA, André F, Arteaga CL, Zarate JP, Chakravartty A, Taran T, Le Gac F, Serra P, O'Shaughnessy J.",The New England journal of medicine,2022,386,10,942-950,35263519,,N,S,OK,
DESTINY-Breast03,10.1056/nejmoa2115022,Trastuzumab Deruxtecan versus Trastuzumab Emtansine for Breast Cancer.,"Cortés J, Kim SB, Chung WP, Im SA, Park YH, Hegg R, Kim MH, Tseng LM, Petry V, Chung CF, Iwata H, Hamilton E, Curigliano G, Xu B, Huang CS, Kim JH, Chiu JWY, Pedrini JL, Lee C, Liu Y, Cathcart J, Bako E, Verma S, Hurvitz SA, DESTINY-Breast03 Trial Investigators.",The New England journal of medicine,2022,386,12,1143-1154,35320644,,N,S,OK,
Estudo Norueguês de Qualidade de Vida (QoL),10.1056/nejmoa2115022,Trastuzumab Deruxtecan versus Trastuzumab Emtansine for Breast Cancer.,"Cortés J, Kim SB, Chung WP, Im SA, Park YH, Hegg R, Kim MH, Tseng LM, Petry V, Chung CF, Iwata H, Hamilton E, Curigliano G, Xu B, Huang CS, Kim JH, Chiu JWY, Pedrini JL, Lee C, Liu Y, Cathcart J, Bako E, Verma S, Hurvitz SA, DESTINY-Breast03 Trial Investigators.",The New England journal of medicine,2022,386,12,1143-1154,35320644,,N,S,OK,
AMAZONA III (Registro GBECAM 0115),10.1056/nejmoa2202809,Pembrolizumab plus Chemotherapy in Advanced Triple-Negative Breast Cancer.,"Cortes J, Rugo HS, Cescon DW, Im SA, Yusof MM, Gallardo C, Lipatov O, Barrios CH, Perez-Garcia J, Iwata H, Masuda N, Torregroza Otero M, Gokmen E, Loi S, Guo Z, Zhou X, Karantza V, Pan W, Schmid P, KEYNOTE-355 Investigators.",The New England journal of medicine,2022,387,3,217-226,35857659,,N,S,OK,
KEYNOTE-355,10.1056/nejmoa2202809,Pembrolizumab plus Chemotherapy in Advanced Triple-Negative Breast Cancer.,"Cortes J, Rugo HS, Cescon DW, Im SA, Yusof MM, Gallardo C, Lipatov O, Barrios CH, Perez-Garcia J, Iwata H, Masuda N, Torregroza Otero M, Gokmen E, Loi S, Guo Z, Zhou X, Karantza V, Pan W, Schmid P, KEYNOTE-355 Investigators.",The New England journal of medicine,2022,387,3,217-226,35857659,,N,S,OK,
DESTINY-Breast04,10.1056/nejmoa2203690,Trastuzumab Deruxtecan in Previously Treated HER2-Low Advanced Breast Cancer.,"Modi S, Jacot W, Yamashita T, Sohn J, Vidal M, Tokunaga E, Tsurutani J, Ueno NT, Prat A, Chae YS, Lee KS, Niikura N, Park YH, Xu B, Wang X, Gil-Gil M, Li W, Pierga JY, Im SA, Moore HCF, Rugo HS, Yerushalmi R, Zagouri F, Gombos A, Kim SB, Liu Q, Luo T, Saura C, Schmid P, Sun T, Gambhire D, Yung L, Wang Y, Singh J, Vitazka P, Meinhardt G, Harbeck N, Cameron DA, DESTINY-Breast04 Trial Investigators.",The New England journal of medicine,2022,387,1,9-20,35665782,PMC10561652,N,S,OK,
CAPItello-291,10.1056/nejmoa2214131,Capivasertib in Hormone Receptor-Positive Advanced Breast Cancer.,"Turner NC, Oliveira M, Howell SJ, Dalenc F, Cortes J, Gomez Moreno HL, Hu X, Jhaveri K, Krivorotko P, Loibl S, Morales Murillo S, Okera M, Park YH, Sohn J, Toi M, Tokunaga E, Yousef S, Zhukova L, de Bruin EC, Grinsted L, Schiavon G, Foxley A, Rugo HS, CAPItello-291 Study Group.",The New England journal of medicine,2023,388,22,2058-2070,37256976,PMC11335038,N,S,OK,
NATALEE,10.1056/nejmoa2305488,Ribociclib plus Endocrine Therapy in Early Breast Cancer.,"Slamon D, Lipatov O, Nowecki Z, McAndrew N, Kukielka-Budny B, Stroyakovskiy D, Yardley DA, Huang CS, Fasching PA, Crown J, Bardia A, Chia S, Im SA, Ruiz-Borrego M, Loi S, Xu B, Hurvitz S, Barrios C, Untch M, Moroose R, Visco F, Afenjar K, Fresco R, Severin I, Ji Y, Ghaznawi F, Li Z, Zarate JP, Chakravartty A, Taran T, Hortobagyi G.",The New England journal of medicine,2024,390,12,1080-1091,38507751,,N,S,OK,
INAVO120,10.1056/nejmoa2404625,Inavolisib-Based Therapy in &lt;i&gt;PIK3CA&lt;/i&gt;-Mutated Advanced Breast Cancer.,"Turner NC, Im SA, Saura C, Juric D, Loibl S, Kalinsky K, Schmid P, Loi S, Sunpaweravong P, Musolino A, Li H, Zhang Q, Nowecki Z, Leung R, Thanopoulou E, Shankar N, Lei G, Stout TJ, Hutchinson KE, Schutzman JL, Song C, Jhaveri KL.",The New England journal of medicine,2024,391,17,1584-1596,39476340,,N,S,OK,
KATHERINE,10.1056/nejmoa2406070,Survival with Trastuzumab Emtansine in Residual HER2-Positive Breast Cancer.,"Geyer CE, Untch M, Huang CS, Mano MS, Mamounas EP, Wolmark N, Rastogi P, Schneeweiss A, Redondo A, Fischer HH, D'Hondt V, Conlin AK, Guarneri V, Wapnir IL, Jackisch C, Arce-Salinas C, Fasching PA, DiGiovanna MP, Crown JP, Wuelfing P, Shao Z, Rota Caremoli E, Bonnefoi HR, Hennessy BT, Stamatovic L, Castro-Salguero H, Brufsky AM, Knott A, Siddiqui A, Lambertini C, Boulet T, Nyawira B, Restuccia E, Loibl S, KATHERINE Study Group.",The New England journal of medicine,2025,392,3,249-257,39813643,,N,S,OK,
KEYNOTE-522,10.1056/nejmoa2409932,Overall Survival with Pembrolizumab in Early-Stage Triple-Negative Breast Cancer.,"Schmid P, Cortes J, Dent R, McArthur H, Pusztai L, Kümmel S, Denkert C, Park YH, Hui R, Harbeck N, Takahashi M, Im SA, Untch M, Fasching PA, Mouret-Reynier MA, Foukakis T, Ferreira M, Cardoso F, Zhou X, Karantza V, Tryfonidis K, Aktan G, O'Shaughnessy J, KEYNOTE-522 Investigators.",The New England journal of medicine,2024,391,21,1981-1991,39282906,,N,S,OK,
EMBER-3,10.1056/nejmoa2410858,Imlunestrant with or without Abemaciclib in Advanced Breast Cancer.,"Jhaveri KL, Neven P, Casalnuovo ML, Kim SB, Tokunaga E, Aftimos P, Saura C, O'Shaughnessy J, Harbeck N, Carey LA, Curigliano G, Llombart-Cussac A, Lim E, García Tinoco ML, Sohn J, Mattar A, Zhang Q, Huang CS, Hung CC, Martinez Rodriguez JL, Ruíz Borrego M, Nakamura R, Pradhan KR, Cramer von Laue C, Barrett E, Cao S, Wang XA, Smyth LM, Bidard FC, EMBER-3 Study Group.",The New England journal of medicine,2025,392,12,1189-1202,39660834,,N,S,OK,
INAVO120,10.1056/nejmoa2501796,Overall Survival with Inavolisib in &lt;i&gt;PIK3CA&lt;/i&gt;-Mutated Advanced Breast Cancer.,"Jhaveri KL, Im SA, Saura C, Loibl S, Kalinsky K, Schmid P, Loi S, Thanopoulou E, Shankar N, Jin Y, Stout TJ, Clark TD, Song C, Juric D, Turner NC.",The New England journal of medicine,2025,393,2,151-161,40454641,,N,S,OK,
SOLD,10.1056/nejmoa2501796,Overall Survival with Inavolisib in &lt;i&gt;PIK3CA&lt;/i&gt;-Mutated Advanced Breast Cancer.,"Jhaveri KL, Im SA, Saura C, Loibl S, Kalinsky K, Schmid P, Loi S, Thanopoulou E, Shankar N, Jin Y, Stout TJ, Clark TD, Song C, Juric D, Turner NC.",The New England journal of medicine,2025,393,2,151-161,40454641,,N,S,OK,
APHINITY,10.1056/nejmoa2508668,Trastuzumab Deruxtecan plus Pertuzumab for HER2-Positive Metastatic Breast Cancer.,"Tolaney SM, Jiang Z, Zhang Q, Barroso-Sousa R, Park YH, Rimawi MF, Saura C, Schneeweiss A, Toi M, Chae YS, Kemal Y, Chaudhari M, Şendur MAN, Yamashita T, Casalnuovo M, Danso MA, Liu J, Shetty J, Herbolsheimer P, Loibl S, DESTINY-Breast09 Trial Investigators.",The New England journal of medicine,2026,394,6,551-562,41160818,,N,S,OK,
TROPiCS-02,10.1056/nejmoa2511734,"Sacituzumab Govitecan in Untreated, Advanced Triple-Negative Breast Cancer.","Cortés J, Punie K, Barrios C, Hurvitz SA, Schneeweiss A, Sohn J, Tokunaga E, Brufsky A, Park YH, Xu B, Hegg R, Oliveira M, Fabi A, Vaksman N, Valdez T, Zhang X, Lai C, Tolaney SM, ASCENT-03 Clinical Trial Investigators.",The New England journal of medicine,2025,393,19,1912-1925,41124233,,N,S,OK,
DESTINY-Breast05,10.1056/nejmoa2514661,Trastuzumab Deruxtecan in Residual HER2-Positive Early Breast Cancer.,"Loibl S, Park YH, Shao Z, Huang CS, Barrios C, Abraham J, Prat A, Niikura N, Im SA, Li W, Li H, Wang Y, Yao H, Kim SB, Geng CZ, Rodriguez Pantigoso W, Ramírez Godinez FJ, Song C, Ching Chang Y, Antoniazzi A, Chen SC, Li Z, Nowecki Z, Lim J, Mathias E, Sato Y, Lu W, Abdel-Monem H, Untch M, Geyer CE, DESTINY-Breast05 Trial Investigators.",The New England journal of medicine,2026,394,9,845-857,41370739,,N,S,OK,
TRYPHAENA,10.1093/annonc/mdh097,Reduced cardiotoxicity and comparable efficacy in a phase III trial of pegylated liposomal doxorubicin HCl (CAELYX/Doxil) versus conventional doxorubicin for first-line treatment of metastatic breast cancer.,"O'Brien ME, Wigler N, Inbar M, Rosso R, Grischke E, Santoro A, Catane R, Kieback DG, Tomczak P, Ackland SP, Orlandi F, Mellars L, Alland L, Tendler C, CAELYX Breast Cancer Study Group.",Annals of oncology : official journal of the European Society for Medical Oncology,2004,15,3,440-449,14998846,,N,S,OK,
MONALEESA-2,10.1093/annonc/mdy155,"Updated results from MONALEESA-2, a phase III trial of first-line ribociclib plus letrozole versus placebo plus letrozole in hormone receptor-positive, HER2-negative advanced breast cancer.","Hortobagyi GN, Stemmer SM, Burris HA, Yap YS, Sonke GS, Paluch-Shimon S, Campone M, Petrakova K, Blackwell KL, Winer EP, Janni W, Verma S, Conte P, Arteaga CL, Cameron DA, Mondal S, Su F, Miller M, Elmeliegy M, Germa C, O'Shaughnessy J.",Annals of oncology : official journal of the European Society for Medical Oncology,2018,29,7,1541-1547,29718092,,N,S,OK,
PERSEPHONE,10.1093/annonc/mdy414,Nine weeks versus 1 year adjuvant trastuzumab in combination with chemotherapy: final results of the phase III randomized Short-HER study‡.,"Conte P, Frassoldati A, Bisagni G, Brandes AA, Donadio M, Garrone O, Piacentini F, Cavanna L, Giotta F, Aieta M, Gebbia V, Molino A, Musolino A, Ferro A, Maltoni R, Danese S, Zamagni C, Rimanti A, Cagossi K, Russo A, Pronzato P, Giovanardi F, Moretti G, Lombardo L, Schirone A, Beano A, Amaducci L, Bajardi EA, Vicini R, Balduzzi S, D'Amico R, Guarneri V.",Annals of oncology : official journal of the European Society for Medical Oncology,2018,29,12,2328-2333,30219886,,N,S,OK,
OlympiAD,10.1093/annonc/mdz012,OlympiAD final overall survival and tolerability results: Olaparib versus chemotherapy treatment of physician's choice in patients with a germline BRCA mutation and HER2-negative metastatic breast cancer.,"Robson ME, Tung N, Conte P, Im SA, Senkus E, Xu B, Masuda N, Delaloge S, Li W, Armstrong A, Wu W, Goessl C, Runswick S, Domchek SM.",Annals of oncology : official journal of the European Society for Medical Oncology,2019,30,4,558-566,30689707,PMC6503629,Y,S,OK,
PERUSE,10.1093/annonc/mdz061,Preliminary safety and efficacy of first-line pertuzumab combined with trastuzumab and taxane therapy for HER2-positive locally recurrent or metastatic breast cancer (PERUSE).,"Bachelot T, Ciruelos E, Schneeweiss A, Puglisi F, Peretz-Yablonski T, Bondarenko I, Paluch-Shimon S, Wardley A, Merot JL, du Toit Y, Easton V, Lindegger N, Miles D, PERUSE investigators.",Annals of oncology : official journal of the European Society for Medical Oncology,2019,30,5,766-773,30796821,,N,S,OK,
NSABP B-14,10.1093/jnci/93.9.684,Five versus more than five years of tamoxifen for lymph node-negative breast cancer: updated findings from the National Surgical Adjuvant Breast and Bowel Project B-14 randomized trial.,"Fisher B, Dignam J, Bryant J, Wolmark N.",Journal of the National Cancer Institute,2001,93,9,684-690,11333290,,N,S,OK,
MONALEESA-7,10.1158/1078-0432.ccr-21-3032,Updated Overall Survival of Ribociclib plus Endocrine Therapy versus Endocrine Therapy Alone in Pre- and Perimenopausal Patients with HR+/HER2- Advanced Breast Cancer in MONALEESA-7: A Phase III Randomized Clinical Trial.,"Lu YS, Im SA, Colleoni M, Franke F, Bardia A, Cardoso F, Harbeck N, Hurvitz S, Chow L, Sohn J, Lee KS, Campos-Gomez S, Villanueva Vazquez R, Jung KH, Babu KG, Wheatley-Price P, De Laurentiis M, Im YH, Kuemmel S, El-Saghir N, O'Regan R, Gasch C, Solovieff N, Wang C, Wang Y, Chakravartty A, Ji Y, Tripathy D.",Clinical cancer research : an official journal of the American Association for Cancer Research,2022,28,5,851-859,34965945,PMC9377723,Y,S,OK,
SYSUCC-002,10.1158/1078-0432.ccr-21-3435,Trastuzumab Plus Endocrine Therapy or Chemotherapy as First-line Treatment for Patients with Hormone Receptor-Positive and HER2-Positive Metastatic Breast Cancer (SYSUCC-002).,"Hua X, Bi XW, Zhao JL, Shi YX, Lin Y, Wu ZY, Zhang YQ, Zhang LH, Zhang AQ, Huang H, Liu XM, Xu F, Guo Y, Xia W, Hong RX, Jiang KK, Xue C, An X, Zhong YY, Wang SS, Huang JJ, Yuan ZY.",Clinical cancer research : an official journal of the American Association for Cancer Research,2022,28,4,637-645,34810217,PMC9377763,Y,S,OK,
TAILORx,10.1158/1538-7445.sabcs18-p2-07-11,Abstract P2-07-11: Prediction of the Oncotype Dx recurrence score (RS) from clinicopathologic factors,Voutsadakis IA; Thibodeau S; Reed M,Cancer Research,2019,79,4_Supplement,P2-07-11-P2-07-11,,,,S,OK,
MINDACT,10.1158/1538-7445.sabcs20-gs4-11,"Abstract GS4-11: How low is low risk: MINDACT updated outcome and treatment benefit in patients considered clinical low risk and stratified by genomic signature, age and nodal status",van 't Veer Laura J; Cardoso Fatima; Poncet Coralie; Cardozo Josephine Lopes; Delaloge Suzette; Pierga Jean-Yves; Vuylsteke Peter; Brain Etienne; Viale Giuseppe; Kümmel Sherko; Rubio Isabel T; Zoppoli Gabriele; Thompson Alistair; Matos Erika; Zaman Khalil; Knox Susan; Hilbers Florentine; Peric Aleksandra; Meulemans Bart; Picccart Martine,Cancer Research,2021,81,4_Supplement,GS4-11-GS4-11,,,,S,OK,
MONALEESA-7,10.1158/1538-7445.sabcs20-pd2-04,Abstract PD2-04: Updated overall survival (OS) results from the phase III MONALEESA-7 trial of pre- or perimenopausal patients with hormone receptor positive/human epidermal growth factor receptor 2 negative (HR+/HER2−) advanced breast cancer (ABC) treated with endocrine therapy (ET) ± ribociclib,Tripathy Debu; Im Seock-Ah; Colleoni Marco; Franke Fabio; Bardia Aditya; Harbeck Nadia; Hurvitz Sara; Chow Louis; Sohn Joohyuk; Lee Keun Seok; Campos-Gomez Saul; Vazquez Rafael Villanueva; Jung Kyung Hae; Babu K Govind; Wheatley-Price Paul; De Laurentiis Michelino; Im Young-Hyuck; Kümmel Sherko; El-Saghir Nagi; Liu Mei-Ching,Cancer Research,2021,81,4_Supplement,PD2-04-PD2-04,,,,S,OK,
HER2CLIMB-05,10.1200/jco-25-02600,HER2CLIMB-05: A Phase III Study of Tucatinib Versus Placebo in Combination With Trastuzumab and Pertuzumab as First-Line Maintenance Therapy for HER2+ Metastatic Breast Cancer.,"Dieras V, Curigliano G, Martin M, Lerebours F, Tsurutani J, Savard MF, Jerzak KJ, Hu X, Martins de Aquino Pimentel LC, O'Sullivan CC, Tokunaga E, Okines A, Huang CS, Jacot W, Sohn J, Cronemberger Silva E, Mueller V, Yang S, Granata G, Shen Q, Santarpia L, Hamilton E, HER2CLIMB-05 Investigators.",Journal of clinical oncology : official journal of the American Society of Clinical Oncology,2026,44,17,1597-1607,41369677,PMC13258094,Y,S,OK,
West German Study Group PlanB Trial,10.1200/jco.18.00028,West German Study PlanB Trial: Adjuvant Four Cycles of Epirubicin and Cyclophosphamide Plus Docetaxel Versus Six Cycles of Docetaxel and Cyclophosphamide in HER2-Negative Early Breast Cancer.,"Nitz U, Gluz O, Clemens M, Malter W, Reimer T, Nuding B, Aktas B, Stefek A, Pollmanns A, Lorenz-Salehi F, Uleer C, Krabisch P, Kuemmel S, Liedtke C, Shak S, Wuerstlein R, Christgen M, Kates RE, Kreipe HH, Harbeck N, West German Study Group PlanB Investigators.",Journal of clinical oncology : official journal of the American Society of Clinical Oncology,2019,37,10,799-808,30785826,,N,S,OK,
"Ensaio de ""Baixa Dose"" de Tamoxifeno (DeCensi et al.)",10.1200/jco.18.01779,Randomized Placebo Controlled Trial of Low-Dose Tamoxifen to Prevent Local and Contralateral Recurrence in Breast Intraepithelial Neoplasia.,"DeCensi A, Puntoni M, Guerrieri-Gonzaga A, Caviglia S, Avino F, Cortesi L, Taverniti C, Pacquola MG, Falcini F, Gulisano M, Digennaro M, Cariello A, Cagossi K, Pinotti G, Lazzeroni M, Serrano D, Branchi D, Campora S, Petrera M, Buttiron Webber T, Boni L, Bonanni B.",Journal of clinical oncology : official journal of the American Society of Clinical Oncology,2019,37,19,1629-1637,30973790,PMC6601429,Y,S,OK,
EBCTCG Meta-analysis (Dose-dense),10.1200/jco.19.02484,Avoiding Peg-Filgrastim Prophylaxis During the Paclitaxel Portion of the Dose-Dense Doxorubicin-Cyclophosphamide and Paclitaxel Regimen: A Prospective Study.,"Vaz-Luis I, Barroso-Sousa R, Di Meglio A, Hu J, Rees R, Sinclair N, Milisits L, Leone JP, Constantine M, Faggen M, Briccetti F, Block C, O'Neil K, Partridge A, Burstein H, Waks AG, Trippa L, Tolaney SM, Hassett M, Winer EP, Lin NU.",Journal of clinical oncology : official journal of the American Society of Clinical Oncology,2020,38,21,2390-2397,32330102,PMC7367545,Y,S,OK,
TBCRC 048 (Olaparib Expanded),10.1200/jco.20.02151,TBCRC 048: Phase II Study of Olaparib for Metastatic Breast Cancer and Mutations in Homologous Recombination-Related Genes.,"Tung NM, Robson ME, Ventz S, Santa-Maria CA, Nanda R, Marcom PK, Shah PD, Ballinger TJ, Yang ES, Vinayak S, Melisko M, Brufsky A, DeMeo M, Jenkins C, Domchek S, D'Andrea A, Lin NU, Hughes ME, Carey LA, Wagle N, Wulf GM, Krop IE, Wolff AC, Winer EP, Garber JE.",Journal of clinical oncology : official journal of the American Society of Clinical Oncology,2020,38,36,4274-4282,33119476,,N,S,OK,
Intergroup C9741,10.1200/jco.2003.09.081,Randomized trial of dose-dense versus conventionally scheduled and sequential versus concurrent combination chemotherapy as postoperative adjuvant treatment of node-positive primary breast cancer: first report of Intergroup Trial C9741/Cancer and Leukemia Group B Trial 9741.,"Citron ML, Berry DA, Cirrincione C, Hudis C, Winer EP, Gradishar WJ, Davidson NE, Martino S, Livingston R, Ingle JN, Perez EA, Carpenter J, Hurd D, Holland JF, Smith BL, Sartor CI, Leung EH, Abrams J, Schilsky RL, Muss HB, Norton L.",Journal of clinical oncology : official journal of the American Society of Clinical Oncology,2003,21,8,1431-1439,12668651,,N,S,OK,
NSABP B-28,10.1200/jco.2005.09.085,Randomized comparison of ABVD chemotherapy with a strategy that includes radiation therapy in patients with limited-stage Hodgkin's lymphoma: National Cancer Institute of Canada Clinical Trials Group and the Eastern Cooperative Oncology Group.,"Meyer RM, Gospodarowicz MK, Connors JM, Pearcey RG, Bezjak A, Wells WA, Burns BF, Winter JN, Horning SJ, Dar AR, Djurfeldt MS, Ding K, Shepherd LE, National Cancer Institute of Canada Clinical Trials Group, Eastern Cooperative Oncology Group.",Journal of clinical oncology : official journal of the American Society of Clinical Oncology,2005,23,21,4634-4642,15837968,,N,S,OK,
MA.17,10.1200/jco.2010.34.4010,Longer-term outcomes of letrozole versus placebo after 5 years of tamoxifen in the NCIC CTG MA.17 trial: analyses adjusting for treatment crossover.,"Jin H, Tu D, Zhao N, Shepherd LE, Goss PE.",Journal of clinical oncology : official journal of the American Society of Clinical Oncology,2012,30,7,718-721,22042967,PMC3295549,N,S,OK,
ALTERNATIVE,10.1200/jco.2011.35.6725,Overall survival benefit with lapatinib in combination with trastuzumab for patients with human epidermal growth factor receptor 2-positive metastatic breast cancer: final results from the EGF104900 Study.,"Blackwell KL, Burstein HJ, Storniolo AM, Rugo HS, Sledge G, Aktan G, Ellis C, Florance A, Vukelja S, Bischoff J, Baselga J, O'Shaughnessy J.",Journal of clinical oncology : official journal of the American Society of Clinical Oncology,2012,30,21,2585-2592,22689807,,N,S,OK,
CALGB 40603,10.1200/jco.2014.58.1967,Tumor-infiltrating lymphocytes and response to neoadjuvant chemotherapy with or without carboplatin in human epidermal growth factor receptor 2-positive and triple-negative primary breast cancers.,"Denkert C, von Minckwitz G, Brase JC, Sinn BV, Gade S, Kronenwett R, Pfitzner BM, Salat C, Loi S, Schmitt WD, Schem C, Fisch K, Darb-Esfahani S, Mehta K, Sotiriou C, Wienert S, Klare P, André F, Klauschen F, Blohmer JU, Krappmann K, Schmidt M, Tesch H, Kümmel S, Sinn P, Jackisch C, Dietel M, Reimer T, Untch M, Loibl S.",Journal of clinical oncology : official journal of the American Society of Clinical Oncology,2015,33,9,983-991,25534375,,N,S,OK,
E1199,10.1200/jco.2015.60.9271,Long-Term Follow-Up of the E1199 Phase III Trial Evaluating the Role of Taxane and Schedule in Operable Breast Cancer.,"Sparano JA, Zhao F, Martino S, Ligibel JA, Perez EA, Saphner T, Wolff AC, Sledge GW, Wood WC, Davidson NE.",Journal of clinical oncology : official journal of the American Society of Clinical Oncology,2015,33,21,2353-2360,26077235,PMC4500829,N,S,OK,
NSABP B-46-I  USOR 07132 (ABC Trials),10.1200/jco.2016.71.4147,"Anthracyclines in Early Breast Cancer: The ABC Trials-USOR 06-090, NSABP B-46-I/USOR 07132, and NSABP B-49 (NRG Oncology).","Blum JL, Flynn PJ, Yothers G, Asmar L, Geyer CE, Jacobs SA, Robert NJ, Hopkins JO, O'Shaughnessy JA, Dang CT, Gómez HL, Fehrenbacher L, Vukelja SJ, Lyss AP, Paul D, Brufsky AM, Jeong JH, Colangelo LH, Swain SM, Mamounas EP, Jones SE, Wolmark N.",Journal of clinical oncology : official journal of the American Society of Clinical Oncology,2017,35,23,2647-2655,28398846,PMC5549453,N,S,OK,
PHEREXA,10.1200/jco.2017.74.7824,"Phase III, Randomized Study of Dual Human Epidermal Growth Factor Receptor 2 (HER2) Blockade With Lapatinib Plus Trastuzumab in Combination With an Aromatase Inhibitor in Postmenopausal Women With HER2-Positive, Hormone Receptor-Positive Metastatic Breast Cancer: ALTERNATIVE.","Johnston SRD, Hegg R, Im SA, Park IH, Burdaeva O, Kurteva G, Press MF, Tjulandin S, Iwata H, Simon SD, Kenny S, Sarp S, Izquierdo MA, Williams LS, Gradishar WJ.",Journal of clinical oncology : official journal of the American Society of Clinical Oncology,2018,36,8,741-748,29244528,PMC7444639,N,S,OK,
ABCSG-16 (SALSA),10.1200/jco.2017.75.6155,MONARCH 3: Abemaciclib As Initial Therapy for Advanced Breast Cancer.,"Goetz MP, Toi M, Campone M, Sohn J, Paluch-Shimon S, Huober J, Park IH, Trédan O, Chen SC, Manso L, Freedman OC, Garnica Jaliffe G, Forrester T, Frenzel M, Barriga S, Smith IC, Bourayou N, Di Leo A.",Journal of clinical oncology : official journal of the American Society of Clinical Oncology,2017,35,32,3638-3646,28968163,,N,S,OK,
MONARCH 3,10.1200/jco.2017.75.6155,MONARCH 3: Abemaciclib As Initial Therapy for Advanced Breast Cancer.,"Goetz MP, Toi M, Campone M, Sohn J, Paluch-Shimon S, Huober J, Park IH, Trédan O, Chen SC, Manso L, Freedman OC, Garnica Jaliffe G, Forrester T, Frenzel M, Barriga S, Smith IC, Bourayou N, Di Leo A.",Journal of clinical oncology : official journal of the American Society of Clinical Oncology,2017,35,32,3638-3646,28968163,,N,S,OK,
GeparQuinto,10.1200/jco.2017.75.9175,Survival Analysis After Neoadjuvant Chemotherapy With Trastuzumab or Lapatinib in Patients With Human Epidermal Growth Factor Receptor 2-Positive Breast Cancer in the GeparQuinto (G5) Study (GBG 44).,"Untch M, von Minckwitz G, Gerber B, Schem C, Rezai M, Fasching PA, Tesch H, Eggemann H, Hanusch C, Huober J, Solbach C, Jackisch C, Kunz G, Blohmer JU, Hauschild M, Fehm T, Nekljudova V, Loibl S, GBG and the AGO-B Study Group.",Journal of clinical oncology : official journal of the American Society of Clinical Oncology,2018,36,13,1308-1316,29543566,,N,S,OK,
PERTAIN,10.1200/jco.2017.76.7863,"First-Line Trastuzumab Plus an Aromatase Inhibitor, With or Without Pertuzumab, in Human Epidermal Growth Factor Receptor 2-Positive and Hormone Receptor-Positive Metastatic or Locally Advanced Breast Cancer (PERTAIN): A Randomized, Open-Label Phase II Trial.","Rimawi M, Ferrero JM, de la Haba-Rodriguez J, Poole C, De Placido S, Osborne CK, Hegg R, Easton V, Wohlfarth C, Arpino G, PERTAIN Study Group.",Journal of clinical oncology : official journal of the American Society of Clinical Oncology,2018,36,28,2826-2835,30106636,,N,S,OK,
PHEREXA,10.1200/jco.2018.36.15_suppl.1013,Final overall survival (OS) analysis of PHEREXA: A randomized phase III trial of trastuzumab (H) + capecitabine (X) ± pertuzumab (P) in patients with HER2-positive metastatic breast cancer (MBC) who experienced disease progression during or after H-based therapy.,Urruticoechea Ander; Rizwanullah Mohammed; Im Seock-Ah; Sánchez Ruiz Antonio Carlos; Lang Istvan; Tomasello Gianluca; Douthwaite Hannah; Badovinac Crnjevic Tanja; Heeson Sarah; Eng-Wong Jennifer; Munoz Montserrat,Journal of Clinical Oncology,2018,36,15_suppl,1013-1013,,,,S,OK,Resumo + poster ASCO 2018 extraidos de publicacao aberta (NCT01026142).
SOFT e TEXT,10.1200/jco.2018.78.0858,Gonadotropin-Releasing Hormone Agonists During Chemotherapy for Preservation of Ovarian Function and Fertility in Premenopausal Patients With Early Breast Cancer: A Systematic Review and Meta-Analysis of Individual Patient-Level Data.,"Lambertini M, Moore HCF, Leonard RCF, Loibl S, Munster P, Bruzzone M, Boni L, Unger JM, Anderson RA, Mehta K, Minton S, Poggio F, Albain KS, Adamson DJA, Gerber B, Cripps A, Bertelli G, Seiler S, Ceppi M, Partridge AH, Del Mastro L.",Journal of clinical oncology : official journal of the American Society of Clinical Oncology,2018,36,19,1981-1990,29718793,PMC6804855,N,S,OK,
MONALEESA-3,10.1200/jco.2018.78.9909,"Phase III Randomized Study of Ribociclib and Fulvestrant in Hormone Receptor-Positive, Human Epidermal Growth Factor Receptor 2-Negative Advanced Breast Cancer: MONALEESA-3.","Slamon DJ, Neven P, Chia S, Fasching PA, De Laurentiis M, Im SA, Petrakova K, Bianchi GV, Esteva FJ, Martín M, Nusch A, Sonke GS, De la Cruz-Merino L, Beck JT, Pivot X, Vidam G, Wang Y, Rodriguez Lorenc K, Miller M, Taran T, Jerusalem G.",Journal of clinical oncology : official journal of the American Society of Clinical Oncology,2018,36,24,2465-2472,29860922,,N,S,OK,
TRAIN-2,10.1200/jco.2020.38.15_suppl.501,Three-year follow-up of neoadjuvant chemotherapy with or without anthracyclines in the presence of dual HER2-blockade for HER2-positive breast cancer (TRAIN-2): A randomized phase III trial.,van der Voort Anna; van Ramshorst Mette S.; van Werkhoven Erik D.; Mandjes Ingrid A.; Kemper Inge; Vulink Annelie J.; Oving Irma M.; Honkoop Aafke H.; Tick Lidwine W.; van de Wouw Agnes J.; Mandigers Caroline M.; van Warmerdam Laurence J. C.; Wesseling Jelle; Vrancken Peeters Marie-Jeanne T.F.D; Linn Sabine C.; Sonke Gabe S.; ,Journal of Clinical Oncology,2020,38,15_suppl,501-501,,,,S,OK,
postMONARCH,10.1200/jco.2024.42.17_suppl.lba1001,"Abemaciclib plus fulvestrant vs fulvestrant alone for HR+, HER2- advanced breast cancer following progression on a prior CDK4/6 inhibitor plus endocrine therapy: Primary outcome of the phase 3 postMONARCH trial.",Kalinsky Kevin; Bianchini Giampaolo; Hamilton Erika P.; Graff Stephanie L.; Park Kyong Hwa; Jeselsohn Rinath; Demirci Umut; Martin Miguel; Layman Rachel M.; Hurvitz Sara A.; Sammons Sarah L; Kaufman Peter A.; Muñoz Montserrat; Tseng Ling-Ming; Knoderer Holly; Nguyen Bastien; Zhou Yanhong; Ravenberg Elizabeth; Litchfield Lacey M; Wander Seth Andrew,Journal of Clinical Oncology,2024,42,17_suppl,LBA1001-LBA1001,,,,S,OK,
EMERALD,10.1200/jco.22.00338,"Elacestrant (oral selective estrogen receptor degrader) Versus Standard Endocrine Therapy for Estrogen Receptor-Positive, Human Epidermal Growth Factor Receptor 2-Negative Advanced Breast Cancer: Results From the Randomized Phase III EMERALD Trial.","Bidard FC, Kaklamani VG, Neven P, Streich G, Montero AJ, Forget F, Mouret-Reynier MA, Sohn JH, Taylor D, Harnden KK, Khong H, Kocsis J, Dalenc F, Dillon PM, Babu S, Waters S, Deleu I, García Sáenz JA, Bria E, Cazzaniga M, Lu J, Aftimos P, Cortés J, Liu S, Tonini G, Laurent D, Habboubi N, Conlan MG, Bardia A.",Journal of clinical oncology : official journal of the American Society of Clinical Oncology,2022,40,28,3246-3256,35584336,PMC9553388,Y,S,OK,
Ensaio de Estadiamento PETCT (Dayes et al.),10.1200/jco.23.00249,Impact of 18F-Labeled Fluorodeoxyglucose Positron Emission Tomography-Computed Tomography Versus Conventional Staging in Patients With Locally Advanced Breast Cancer.,"Dayes IS, Metser U, Hodgson N, Parpia S, Eisen AF, George R, Blanchette P, Cil TD, Arnaout A, Chan A, Levine MN.",Journal of clinical oncology : official journal of the American Society of Clinical Oncology,2023,41,23,3909-3916,37235845,,N,S,OK,
ASTRRA,10.1200/jco.23.00557,Adding Ovarian Suppression to Tamoxifen for Premenopausal Women With Hormone Receptor-Positive Breast Cancer After Chemotherapy: An 8-Year Follow-Up of the ASTRRA Trial.,"Baek SY, Noh WC, Ahn SH, Kim HA, Ryu JM, Kim SI, Lee EG, Im SA, Jung Y, Park MH, Park KH, Kang SH, Jeong J, Park E, Kim SY, Lee MH, Kim LS, Lim W, Kim S, Kim HJ.",Journal of clinical oncology : official journal of the American Society of Clinical Oncology,2023,41,31,4864-4871,37607321,,N,S,OK,
ASCENT,10.1200/jco.23.01409,Final Results From the Randomized Phase III ASCENT Clinical Trial in Metastatic Triple-Negative Breast Cancer and Association of Outcomes by Human Epidermal Growth Factor Receptor 2 and Trophoblast Cell Surface Antigen 2 Expression.,"Bardia A, Rugo HS, Tolaney SM, Loirat D, Punie K, Oliveira M, Brufsky A, Kalinsky K, Cortés J, Shaughnessy JO, Diéras V, Carey LA, Gianni L, Piccart-Gebhart M, Loibl S, Yoon OK, Pan Y, Hofsess S, Phan SC, Hurvitz SA.",Journal of clinical oncology : official journal of the American Society of Clinical Oncology,2024,42,15,1738-1744,38422473,PMC11107894,Y,S,OK,
TROPION-Breast01,10.1200/jco.24.00920,Datopotamab Deruxtecan Versus Chemotherapy in Previously Treated Inoperable/Metastatic Hormone Receptor-Positive Human Epidermal Growth Factor Receptor 2-Negative Breast Cancer: Primary Results From TROPION-Breast01.,"Bardia A, Jhaveri K, Im SA, Pernas S, De Laurentiis M, Wang S, Martínez Jañez N, Borges G, Cescon DW, Hattori M, Lu YS, Hamilton E, Zhang Q, Tsurutani J, Kalinsky K, Rubini Liedke PE, Xu L, Fairhurst RM, Khan S, Denduluri N, Rugo HS, Xu B, Pistilli B, TROPION-Breast01 Investigators.",Journal of clinical oncology : official journal of the American Society of Clinical Oncology,2025,43,3,285-296,39265124,PMC11771365,Y,S,OK,
monarchE,10.1016/j.annonc.2025.10.005,Overall survival with abemaciclib in early breast cancer,"Johnston SRD, et al.",Annals of oncology : official journal of the European Society for Medical Oncology,2026,37,2,155-165,41110697,,N,S,OK,DOI CORRETO (substitui 10.1016/j.annonc.2025.12.001 na referencia 2 do wiki monarchE.md). Resultados primarios de OS do monarchE.
EMBER-3,10.1016/j.annonc.2025.11.018,Imlunestrant with or without abemaciclib in advanced breast cancer: updated efficacy results from the phase III EMBER-3 trial,"Jhaveri KL, et al.",Annals of oncology : official journal of the European Society for Medical Oncology,2026,37,4,532-543,41391667,,N,S,OK,DOI CORRETO (substitui 10.1016/j.annonc.2025.12.004 na referencia 2 do wiki EMBER-3.md). Ann Oncol 2026;37(4):532-543.
